Rk,PER,TS%,3PAr,FTr,USG%,OWS,DWS,WS,WS/48,OBPM,DBPM,BPM,VORP
1,11.3,0.457,0,0.352,16.1,0.1,0.1,0.2,0.051,-3.3,-2,-5.3,-0.2
2,13.6,0.62,0.396,0.26,14.8,4.8,1.4,6.2,0.128,1.7,-0.3,1.4,2
3,10.1,0.682,0.364,0,22,0,0,0,-0.015,-0.9,0.2,-0.7,0
4,12.2,0.507,0.256,0.135,21.1,0,0.4,0.4,0.052,-3.8,0,-3.8,-0.2
4,12.8,0.435,0.219,0.094,21.4,0,0.1,0.1,0.084,-3.4,0.5,-2.9,0
4,12,0.53,0.267,0.149,21.1,0,0.2,0.2,0.042,-3.8,-0.2,-4.1,-0.1
5,2,0.189,0,0.133,14.3,-0.2,0,-0.2,-0.142,-6,-2.9,-8.9,-0.1
6,7,0.537,0,0.267,7.9,0,0.2,0.2,0.066,-5.6,1.6,-4,-0.1
7,21.5,0.549,0.016,0.314,25.7,7.6,3.5,11.1,0.166,2.6,-0.5,2.1,3.4
8,3.3,0.361,0,0.065,9.1,-0.1,0.2,0.2,0.046,-5.8,0.5,-5.4,-0.2
9,16.4,0.615,0.387,0.224,19.8,5.8,4.2,10,0.166,2.3,0.6,2.9,3.6
10,18.3,0.562,0.047,0.37,19.9,2,2.7,4.7,0.152,0.1,3.5,3.6,2.1
11,9.6,0.499,0.352,0.293,17.3,-0.8,1.4,0.7,0.022,-2.7,-0.1,-2.8,-0.3
12,11.5,0.452,0,0.475,15.7,0.2,0.5,0.6,0.044,-3.1,-1.4,-4.5,-0.4
13,19,0.636,0.007,0.985,13.5,1.9,1.2,3.2,0.207,1.2,1.8,3,0.9
14,10.9,0.513,0.19,0.182,19.1,-0.1,0.3,0.3,0.032,-2.8,-0.7,-3.4,-0.1
14,13.8,0.559,0.213,0.149,17.3,0.1,0.1,0.2,0.063,0,-0.5,-0.5,0.1
14,8.9,0.484,0.176,0.203,20.2,-0.2,0.3,0.1,0.012,-4.6,-0.8,-5.4,-0.2
15,8.5,0.529,0.568,0.222,16.4,0.1,0.2,0.3,0.051,-1.1,-0.6,-1.7,0
16,19,0.591,0.65,0.223,20.4,4,2.5,6.4,0.216,4.2,0.4,4.6,2.4
17,21.7,0.557,0.167,0.403,32,5.4,2.5,7.9,0.138,3.2,-1.2,1.9,2.7
17,21.2,0.547,0.13,0.431,32.5,2.8,1.9,4.7,0.127,2.4,-1,1.4,1.5
17,22.8,0.575,0.233,0.351,31,2.6,0.6,3.2,0.157,4.6,-1.7,2.9,1.2
18,7.3,0.583,0,0.737,5.3,1.2,2.1,3.3,0.107,-3.2,1.6,-1.6,0.2
19,10.8,0.471,0.446,0.208,24.7,-1.6,2.2,0.5,0.014,-2.2,-0.3,-2.4,-0.2
19,14,0.505,0.439,0.203,26.2,0,0.4,0.4,0.025,0.4,-1.2,-0.8,0.2
19,8.6,0.444,0.45,0.213,23.7,-1.6,1.7,0.2,0.007,-3.9,0.3,-3.6,-0.4
20,11.3,0.487,0.356,0.259,17.7,-0.4,3.8,3.4,0.062,-1.7,1.3,-0.4,1
21,8.8,0.508,0.053,0.434,10.9,-0.1,0.6,0.5,0.045,-4.7,1,-3.7,-0.2
21,8.6,0.519,0.047,0.359,10.6,-0.1,0.4,0.4,0.043,-5,0.9,-4.2,-0.2
21,10.1,0.457,0.083,0.833,12.1,-0.1,0.1,0.1,0.054,-3.2,2,-1.2,0
22,9,0.528,0.253,0.172,14,0.5,1.1,1.7,0.068,-2.1,-0.2,-2.3,-0.1
22,9.5,0.541,0.269,0.147,13.9,0.8,0.9,1.6,0.078,-1.7,-0.5,-2.2,0
22,6.7,0.447,0.143,0.343,14.5,-0.2,0.3,0.1,0.016,-4.1,1,-3,-0.1
23,15.7,0.534,0.01,0.215,21.6,1.5,2.2,3.8,0.113,-1.8,0.2,-1.6,0.2
24,11.8,0.559,0,1.028,12.5,0.5,2.2,2.7,0.13,-3.6,1.8,-1.8,0.1
25,15.9,0.541,0.348,0.31,21.2,4.9,1.3,6.2,0.108,1.7,-1.6,0.1,1.5
26,1,0.305,0.291,0.164,22.8,-0.6,0.1,-0.4,-0.143,-8.3,-2.5,-10.8,-0.3
27,9.3,0.542,0.154,0.308,11.3,0.1,0.1,0.1,0.114,-5,0.9,-4.1,0
27,12.8,0.604,0,0.444,10.9,0.1,0.1,0.2,0.182,-3.6,2.1,-1.5,0
27,0.7,0.375,0.5,0,12.3,0,0,0,-0.05,-8.6,-1.9,-10.5,0
28,6.8,0.543,0,4,15.3,0,0,0,0.011,-6.6,0.1,-6.5,0
29,15.3,0.539,0.326,0.21,25.6,1.4,0.1,1.5,0.052,0.4,-1.7,-1.3,0.2
30,14.8,0.535,0.291,0.242,23.9,1.9,1.4,3.2,0.093,0.5,-1,-0.5,0.6
31,16.4,0.533,0.19,0.298,28.2,2.2,0.3,2.5,0.052,1.2,-2.6,-1.4,0.4
32,14.6,0.569,0.384,0.276,16.6,1.4,1.6,3,0.142,-0.5,1,0.6,0.7
33,6.2,0.361,0,0.242,18.9,-0.6,0.3,-0.2,-0.039,-6.3,-1.9,-8.1,-0.5
33,1.5,0.301,0,0.392,17.5,-0.5,0.1,-0.4,-0.106,-9.1,-2.4,-11.5,-0.4
33,17.3,0.475,0,0.054,22,0.1,0.1,0.2,0.13,0.6,-0.6,0,0
33,3.8,0.295,0,0.182,18.8,-0.1,0,-0.1,-0.093,-8,-2.3,-10.4,-0.1
34,15.9,0.571,0.003,0.361,19.8,3.2,3.1,6.3,0.153,-0.3,0.5,0.2,1.1
35,9.5,0.489,0.031,0.146,13.9,0,0.6,0.6,0.075,-4.1,0.8,-3.3,-0.1
36,12.3,0.567,0.525,0.183,11.7,2.9,2.2,5.1,0.103,0.6,0.9,1.4,2
36,12.9,0.577,0.551,0.186,12.3,2.3,1.7,4,0.105,0.8,1.1,1.9,1.8
36,10.6,0.53,0.416,0.168,10.1,0.5,0.6,1.1,0.097,-0.3,0.2,-0.1,0.3
37,14.8,0.563,0.424,0.203,17.8,4.4,2.3,6.6,0.126,1.1,0,1.1,2
38,14.1,0.536,0.282,0.398,22.1,1.4,0.3,1.6,0.053,0.1,-1.9,-1.8,0.1
38,7.2,0.443,0.286,0.347,23.5,-0.3,0.1,-0.2,-0.05,-4.8,-2.5,-7.3,-0.2
38,14.9,0.545,0.282,0.404,22,1.7,0.1,1.8,0.064,0.6,-1.8,-1.2,0.3
39,15.5,0.51,0.132,0.234,28.3,0.7,1,1.7,0.035,0,-1.8,-1.8,0.1
40,11.4,0.5,0.372,0.135,26.7,-0.4,0.7,0.2,0.022,-3.2,0.5,-2.7,-0.1
41,12.1,0.56,0.469,0.181,20,1.9,1.5,3.4,0.084,0.2,-0.8,-0.6,0.7
42,4.7,0.357,0.488,0.093,13.1,-0.2,0,-0.1,-0.04,-4.2,-0.8,-5,-0.1
43,8.2,0.528,0.413,0.218,12.6,1.2,0.5,1.7,0.04,-2.4,-0.7,-3.1,-0.6
44,10.9,0.57,0.604,0.108,14.6,2.2,1.8,4,0.085,-0.6,-0.4,-0.9,0.6
44,11.7,0.57,0.58,0.104,15,1.9,1.2,3.1,0.089,-0.3,-0.3,-0.6,0.6
44,1.1,0.111,0.444,0,15.2,-0.1,0,-0.1,-0.161,-8.4,-0.7,-9.1,-0.1
44,9,0.601,0.698,0.127,13.3,0.4,0.6,1,0.084,-1,-0.5,-1.5,0.1
45,12.1,0.526,0,0.117,10.6,1.1,1.5,2.6,0.088,-2.5,0.2,-2.3,-0.1
46,18.7,0.617,0.457,0.528,22.3,6.6,1.4,8,0.166,3.7,-1.2,2.6,2.7
46,18.6,0.634,0.444,0.535,21.4,4.7,1.1,5.8,0.171,3.8,-0.9,2.9,2.1
46,19.1,0.582,0.484,0.512,24.3,1.9,0.2,2.1,0.155,3.4,-1.8,1.6,0.6
47,17.1,0.524,0.003,0.235,20.1,1.5,3.2,4.8,0.132,-1.2,0.7,-0.5,0.7
48,7.5,0.5,0.631,0.098,11.3,0.3,1.5,1.8,0.055,-2.6,0.2,-2.3,-0.1
49,16.9,0.497,0.019,0.296,25.5,0.3,2.1,2.4,0.053,-0.3,-0.5,-0.9,0.6
50,10.8,0.499,0.239,0.274,17.9,-1.3,1.6,0.3,0.008,-2.4,0.2,-2.2,-0.1
51,9,0.559,0.772,0.104,11.4,1.4,2.2,3.6,0.118,-1.5,1.4,-0.2,0.7
52,16.7,0.496,0.005,0.292,19.6,0.3,5.1,5.4,0.112,-1,2.4,1.3,1.9
53,13.5,0.617,0.62,0.116,13.4,3,1.4,4.4,0.147,1.7,0.2,1.9,1.4
54,15.3,0.582,0.004,0.399,13.9,1.8,0.8,2.6,0.119,-0.6,-0.3,-0.9,0.3
55,18.8,0.542,0,0.289,26.9,1.9,3.9,5.8,0.149,0.2,0.8,1,1.4
56,19.4,0.569,0.024,0.446,23.5,6.1,4.3,10.3,0.177,1.4,-0.2,1.3,2.3
57,17.6,0.526,0.202,0.233,23.9,1.1,1.1,2.3,0.125,2.1,0.4,2.4,1
58,0.1,0.25,0.313,0,22.3,-0.1,0,-0.1,-0.154,-8.4,-4.1,-12.5,-0.1
59,2.2,0.36,0.075,0.179,26.1,-0.8,0.3,-0.5,-0.139,-10.8,-0.3,-11.1,-0.4
60,18.5,0.553,0.001,0.278,19.7,5.1,4.4,9.4,0.161,0.7,0.6,1.3,2.4
61,11,0.482,0.23,0.393,18.8,-0.1,1.3,1.1,0.036,-3.5,1.2,-2.3,-0.1
61,10.3,0.471,0.227,0.391,18.4,-0.4,1,0.6,0.023,-3.8,1,-2.8,-0.3
61,17.6,0.573,0.255,0.412,22.2,0.3,0.3,0.5,0.163,-0.8,2.6,1.8,0.1
62,13.8,0.518,0.063,0.311,13.9,1.7,3.8,5.4,0.147,-1.3,3.7,2.4,2
63,9.6,0.567,0,0.628,10,0.8,1,1.9,0.132,-4.1,0.2,-3.9,-0.3
64,13.1,0.489,0.402,0.239,25.9,0.7,0.4,1.1,0.04,-0.3,-2.7,-3,-0.3
64,11.7,0.465,0.437,0.214,26.1,0.1,0.3,0.4,0.023,-1.3,-2.8,-4.1,-0.4
64,15.6,0.533,0.335,0.285,25.7,0.6,0.1,0.7,0.07,1.3,-2.4,-1.1,0.1
65,12.9,0.588,0.076,0.458,15.5,0.5,0.5,1,0.083,-1.4,-0.1,-1.6,0.1
65,12.4,0.565,0.053,0.416,15.6,0.3,0.4,0.8,0.074,-1.7,0,-1.6,0
65,16,0.717,0.222,0.722,15.5,0.2,0.1,0.2,0.13,-0.2,-1.1,-1.2,0
66,12.8,0.55,0,0.616,14.9,1.8,1.7,3.5,0.097,-1.9,-0.9,-2.8,-0.3
67,13.6,0.518,0.33,0.157,22.2,1.1,1.9,3.1,0.093,-0.9,0.2,-0.8,0.5
68,23.9,0.548,0.217,0.356,35.1,6.8,3.5,10.3,0.178,5.4,-0.2,5.2,5
69,14.2,0.534,0.418,0.21,19.9,2.2,1.2,3.4,0.095,0.6,-0.8,-0.2,0.8
70,14.2,0.523,0.172,0.233,25.1,0.2,1,1.2,0.067,-0.8,0,-0.9,0.2
71,6.2,0.446,0.574,0.114,15.8,-0.5,0.3,-0.1,-0.009,-2.3,-1.5,-3.8,-0.4
71,5.9,0.433,0.571,0.119,15.6,-0.5,0.3,-0.2,-0.013,-2.5,-1.5,-4,-0.4
71,14.5,0.727,0.636,0,23,0,0,0.1,0.107,2.5,-2.4,0.1,0
72,21.1,0.606,0,0.506,17.6,3.8,2.8,6.6,0.21,1.8,1.4,3.2,2
73,15.2,0.524,0.123,0.3,22.5,1.1,0.4,1.5,0.066,-0.8,-1,-1.9,0
74,16.3,0.522,0.262,0.173,16.8,3.2,0.4,3.7,0.084,1.9,-1.2,0.8,1.5
75,14.8,0.426,0.003,0.238,11.7,0.8,3,3.7,0.116,-0.7,2.2,1.5,1.4
76,10,0.532,0,0.348,20.2,0,0.3,0.3,0.057,-6.6,-0.5,-7.1,-0.3
77,9.7,0.672,0.87,0.18,9.5,1,0.7,1.7,0.132,-1.2,2.4,1.2,0.5
78,10.8,0.521,0.345,0.245,18.1,0.1,0.2,0.3,0.038,-1.5,-1.2,-2.8,-0.1
78,10.7,0.526,0.346,0.252,18,0.1,0.2,0.3,0.038,-1.5,-1.3,-2.8,-0.1
78,20.4,0.333,0.333,0,27.1,0,0,0,0.071,-0.6,1.9,1.2,0
79,8.7,0.388,0,0.167,11.6,0,0,0.1,0.066,-2.9,-0.5,-3.5,0
79,12.4,0.506,0,0.222,11.4,0.1,0,0.1,0.145,-1.5,0.1,-1.4,0
79,-4.5,0,0,0,12,0,0,0,-0.214,-8,-2.8,-10.8,0
80,12.2,0.53,0.231,0.261,19.8,0.3,0.5,0.8,0.062,-1.9,-0.8,-2.7,-0.1
81,9.2,0.502,0.377,0.075,14.3,-0.2,0.4,0.2,0.023,-3.3,0.9,-2.4,-0.1
81,5.4,0.421,0.4,0.067,13.1,-0.2,0.2,-0.1,-0.018,-5,1.3,-3.7,-0.1
81,11.1,0.534,0.368,0.079,14.8,0,0.3,0.3,0.044,-2.5,0.6,-1.8,0
82,14.8,0.528,0.36,0.194,23.5,2,1.9,3.8,0.089,0.1,0.2,0.3,1.2
82,16.2,0.557,0.293,0.282,23.4,1.1,1,2.1,0.151,0.4,1.4,1.8,0.6
82,14.2,0.516,0.389,0.157,23.5,0.9,0.8,1.7,0.06,0,-0.4,-0.4,0.6
83,11.7,0.517,0.452,0.185,16.7,1.1,1.3,2.5,0.069,-0.1,-0.4,-0.6,0.6
84,10.3,0.538,0.595,0.16,15,0.7,2.3,2.9,0.089,-2.3,1.5,-0.8,0.5
85,18.4,0.697,0,0.725,14.2,5.8,3.5,9.4,0.218,0.6,1,1.5,1.8
86,14.6,0.537,0.336,0.169,20.9,2.1,1.9,3.9,0.079,0.2,-0.4,-0.2,1.1
86,15.7,0.548,0.344,0.167,21,2.3,1.2,3.4,0.094,0.8,-0.8,0,0.9
86,11.6,0.505,0.311,0.174,20.6,-0.2,0.7,0.5,0.037,-1.5,0.7,-0.8,0.2
87,13,0.567,0.075,0.276,14.3,0.8,0.6,1.4,0.076,-0.6,0.1,-0.5,0.3
88,10.1,0.456,0.032,0.297,20.5,-0.4,0.7,0.3,0.03,-3.9,0.1,-3.8,-0.2
88,11.3,0.41,0,0.323,23.4,-0.1,0.1,0,-0.01,-1.8,-1.5,-3.3,0
88,9.9,0.468,0.039,0.291,20,-0.3,0.7,0.3,0.038,-4.3,0.3,-3.9,-0.2
89,1.6,0.374,0,0.476,8.1,-0.1,0.1,-0.1,-0.016,-7.4,-1.5,-8.9,-0.3
89,1.8,0.438,0,0.667,6.9,-0.1,0.1,0,0,-7.1,-0.7,-7.8,-0.2
89,0,0.167,0,0,15.6,-0.1,0,-0.1,-0.124,-9.4,-6.5,-15.9,-0.1
90,5.4,0.539,0.014,0.577,9.2,0.1,0.5,0.6,0.049,-5.3,0.4,-4.8,-0.4
91,3.6,0.334,0.4,0.04,20.9,-0.2,0,-0.2,-0.121,-6,-2.1,-8,-0.1
92,15.6,0.534,0.143,0.267,21.9,2.1,2.2,4.3,0.087,0.4,-0.7,-0.3,1
93,10.8,0.6,0,0.302,9.8,2.1,1.5,3.6,0.113,-1.9,0.7,-1.2,0.3
94,15.9,0.521,0.228,0.259,19.4,3.4,3.2,6.6,0.111,0.7,0.5,1.2,2.3
95,11.6,0.534,0.465,0.141,20.5,0.1,0.5,0.6,0.064,-1.6,-0.2,-1.9,0
96,12.8,0.63,0.851,0.11,15.7,1.2,0.4,1.6,0.126,1.8,-0.7,1.1,0.5
97,7.8,0.667,0,0,10.2,0,0,0,0.008,-4.3,-2.7,-7.1,0
98,14.6,0.484,0.018,0.4,27.2,-1.9,2.9,1.1,0.022,-2.7,0.1,-2.6,-0.4
99,14.2,0.545,0.399,0.297,23.4,1.9,1.4,3.4,0.071,0.6,-1.6,-1,0.6
100,11.8,0.456,0.256,0.168,27,-1,0.5,-0.6,-0.026,-1.5,-2.3,-3.8,-0.5
100,7.6,0.421,0.351,0.078,28.1,-0.4,0.1,-0.3,-0.09,-2.8,-2.7,-5.5,-0.1
100,12.6,0.462,0.239,0.184,26.8,-0.6,0.3,-0.3,-0.014,-1.2,-2.2,-3.4,-0.3
101,10.7,0.483,0.028,0.131,15.7,0.3,1.7,2,0.06,-3.2,-0.1,-3.3,-0.5
101,9.5,0.457,0.014,0.155,14.5,0.1,1.2,1.3,0.057,-3.9,0.4,-3.5,-0.4
101,13.1,0.525,0.05,0.094,18.3,0.2,0.5,0.7,0.065,-1.8,-1.1,-2.8,-0.1
102,19.4,0.595,0.325,0.216,24.4,5.4,1.3,6.6,0.128,3,-0.7,2.3,2.7
103,14.1,0.509,0.004,0.261,17.1,0.4,2.5,2.9,0.072,-2.4,0.2,-2.2,-0.1
104,9.7,0.591,0.011,0.494,8.1,0.5,1.4,1.9,0.109,-2,1.7,-0.3,0.4
105,6.7,0.51,0.4,0.4,9.1,0,0,0,0.044,-4.8,-1.1,-6,0
106,11.7,0.527,0.091,0.246,15.1,0.3,1.7,2,0.103,-1.7,2.3,0.6,0.6
107,17,0.506,0.345,0.189,24.4,1.5,1.3,2.8,0.081,2.2,-0.3,1.9,1.6
107,16.3,0.492,0.295,0.202,23.5,1,1.1,2.1,0.079,1.4,-0.1,1.3,1
107,19.3,0.548,0.489,0.152,27.3,0.5,0.2,0.7,0.086,4.8,-0.9,3.9,0.6
108,15.8,0.583,0,0.343,13.3,2.9,1.1,4,0.119,-0.2,-0.8,-0.9,0.4
109,12.8,0.499,0.019,0.331,20.9,0.6,4.3,4.9,0.102,-2.6,0.7,-1.9,0
110,13,0.518,0.365,0.229,18.6,1.2,0.9,2.1,0.07,-0.8,-0.5,-1.3,0.3
111,13.1,0.517,0.554,0.146,17.7,0.9,2.6,3.5,0.105,-0.3,1.7,1.5,1.4
112,15.5,0.549,0.288,0.291,20.9,4.7,5.2,9.9,0.149,1.1,0.6,1.7,3
113,14.5,0.53,0.045,0.348,23.2,2.8,0.5,3.2,0.055,-0.9,-1.5,-2.5,-0.3
114,13.9,0.558,0.292,0.159,16.8,2.4,2.3,4.8,0.082,0.3,0.3,0.6,1.8
115,13.7,0.59,0,0.419,18.7,0.7,0.3,1,0.104,-2.4,-2.5,-4.9,-0.3
116,5.4,0.347,0,0.458,10.3,-0.3,0.3,-0.1,-0.016,-6.7,1.8,-4.9,-0.1
117,11.3,0.509,0.451,0.181,17.3,0.8,2.1,2.9,0.08,-1.4,0.2,-1.2,0.4
118,14.2,0.529,0,0.657,14.3,0.2,0.5,0.8,0.072,-1.6,0.1,-1.6,0.1
119,15.2,0.534,0.507,0.142,20.1,3,1.2,4.2,0.101,0.9,-0.6,0.4,1.2
120,11.5,0.517,0.168,0.326,18.4,0.4,1.3,1.6,0.088,-2.5,1,-1.4,0.1
121,11.7,0.457,0.08,0.136,25,-0.4,0.2,-0.1,-0.019,-3.9,0.2,-3.6,-0.1
122,13.2,0.524,0.351,0.302,22.4,0.2,0.8,1,0.04,-0.9,-0.5,-1.3,0.2
122,11.2,0.492,0.32,0.307,24,-0.7,0.5,-0.2,-0.012,-2.3,-1.2,-3.5,-0.3
122,17.7,0.604,0.432,0.288,18.9,0.9,0.3,1.2,0.157,2.5,1.2,3.7,0.5
123,15.6,0.598,0.402,0.347,16.9,4.2,1.4,5.6,0.126,1.5,0.2,1.8,2
124,5.6,0.446,0.403,0.194,12,-0.7,0.9,0.2,0.014,-3.8,0,-3.8,-0.3
125,21.9,0.537,0.005,0.307,22.9,3.7,4,7.7,0.171,2.2,2.2,4.4,3.5
126,14.6,0.593,0.488,0.24,16.9,2.6,1.9,4.5,0.129,1.1,0.4,1.6,1.5
127,0.5,0.25,0.25,0,13.8,0,0,0,-0.094,-7.3,-2.7,-10,0
128,23.6,0.589,0.269,0.439,30.6,8.6,3.3,12,0.189,5.2,-0.3,4.9,5.3
129,19.4,0.507,0.098,0.451,25.9,0.2,0.2,0.4,0.144,0.1,-2.1,-2,0
130,8.6,0.488,0.305,0.134,17.1,0.1,0.1,0.3,0.01,-2.3,-1.3,-3.5,-0.5
131,18.6,0.536,0.235,0.268,28.1,4.3,1.7,6,0.089,1.7,-0.9,0.8,2.3
132,8.9,0.529,0,0.274,11.9,0.1,0.5,0.6,0.046,-3.8,0.3,-3.5,-0.2
133,8.3,0.573,0,0.412,9,0.3,0.3,0.6,0.083,-2.9,-0.3,-3.2,-0.1
134,10.3,0.593,0,0.541,13.7,0.3,1.1,1.4,0.115,-4.6,1.6,-3,-0.1
134,10.8,0.621,0,0.557,13.8,0.4,1,1.4,0.128,-4.3,2,-2.3,0
134,6.2,0.391,0,0.429,13.2,0,0,0,0.002,-6.8,-1.4,-8.2,-0.1
135,18.8,0.678,0.009,0.322,14.9,1.2,0.4,1.6,0.167,1.5,0.6,2.1,0.5
136,9.1,0.513,0.394,0.137,14.2,1,0.7,1.7,0.054,-2.2,-1,-3.2,-0.5
136,7.5,0.492,0.443,0.139,13,0.3,0.6,0.9,0.05,-3.1,-0.5,-3.7,-0.4
136,10.9,0.531,0.35,0.135,15.8,0.7,0.2,0.9,0.058,-1.1,-1.6,-2.7,-0.1
137,12.4,0.466,0.01,0.854,10.1,0.5,0.8,1.3,0.077,-0.9,-0.6,-1.5,0.1
138,14.4,0.482,0.159,0.285,25.3,-0.1,1.7,1.6,0.036,-0.1,0.2,0,1.1
139,0.6,0.222,0.4,0.8,19.5,-0.1,0,-0.1,-0.158,-5.6,-3.4,-9.1,0
140,9,0.476,0.297,0.092,17.5,-0.8,0.5,-0.3,-0.016,-3.4,-0.6,-4,-0.5
141,14.1,0.504,0.467,0.154,21.6,0.8,1,1.9,0.05,0.8,-1.3,-0.4,0.7
142,13.8,0.542,0,0.416,17.1,1.5,1.4,2.9,0.091,-2.6,-0.6,-3.2,-0.5
142,12.6,0.54,0,0.42,16.3,0.9,1,1.9,0.083,-3.2,-0.7,-3.9,-0.5
142,16.8,0.545,0,0.407,19.2,0.6,0.4,1,0.11,-1.2,-0.4,-1.6,0
143,16.6,0.524,0.327,0.24,21.6,3.6,1.8,5.4,0.094,1.6,-1,0.6,1.8
143,17.3,0.524,0.335,0.226,22.6,2.9,1.2,4,0.093,1.9,-1.5,0.4,1.3
143,14.7,0.523,0.299,0.294,18.5,0.7,0.6,1.3,0.097,0.4,0.6,1,0.5
144,13.4,0.522,0.628,0.254,18.7,2,1.8,3.8,0.1,0.1,0.8,0.9,1.3
145,5.8,0.441,0.01,0.46,14.6,-0.4,0.3,-0.1,-0.011,-6.5,-0.9,-7.4,-0.6
146,13.5,0.598,0.364,0.244,13.5,3.4,1.8,5.3,0.1,0.6,-0.4,0.2,1.4
147,8.9,0.486,0.301,0.195,12.8,1.2,2.5,3.7,0.078,-3.2,1.3,-2,0
148,7.1,0.444,0.338,0.142,18.5,-1.6,0.2,-1.3,-0.064,-3.9,-2.4,-6.3,-1.1
149,11.7,0.524,0.212,0.319,20.1,0.3,0.7,0.9,0.055,-2,-0.8,-2.9,-0.2
150,9.9,0.434,0.136,0.203,18.3,-0.7,0.8,0.2,0.011,-3.3,0.4,-2.9,-0.2
151,14.3,0.497,0.018,0.287,10.1,1.6,1.4,3,0.152,-0.6,0.1,-0.5,0.4
152,11.4,0.516,0.409,0.281,19.9,0.9,0.8,1.7,0.051,-1.1,-0.7,-1.8,0.1
153,12.8,0.557,0.53,0.129,16.9,2.7,2.1,4.7,0.09,-0.3,0,-0.3,1.1
154,9.9,0.419,0.008,0.209,16.5,-0.3,0.4,0.1,0.014,-5.7,-1.3,-7,-0.6
154,10.2,0.419,0.011,0.159,17.1,-0.2,0.2,0.1,0.013,-5.4,-1.3,-6.8,-0.4
154,9.1,0.417,0,0.317,15.3,-0.2,0.2,0.1,0.015,-6.2,-1.2,-7.3,-0.2
155,11.3,0.459,0.362,0.343,22.1,-0.3,0.2,-0.1,-0.015,-2.8,-0.1,-2.9,-0.1
155,4.9,0.398,0.273,0.455,21.2,-0.2,0,-0.1,-0.102,-6.5,-1.8,-8.3,-0.1
155,9.3,0.465,0.429,0.171,22.7,-0.1,0,-0.1,-0.05,-2.5,-0.2,-2.7,0
155,15.3,0.484,0.354,0.417,22.2,0,0.1,0.1,0.046,-1.3,0.7,-0.5,0.1
156,15.7,0.597,0.458,0.611,18.9,4.9,1.2,6.1,0.139,1.5,-0.8,0.7,1.4
156,15.6,0.6,0.47,0.57,18.5,4.2,0.7,4.9,0.14,1.4,-1.3,0.1,0.9
156,15.9,0.587,0.412,0.771,20.6,0.7,0.5,1.2,0.133,1.7,1.3,3,0.5
157,13.5,0.551,0.472,0.16,17.3,1.9,1.1,3,0.104,0.4,0.6,1,1
158,20.6,0.575,0.006,0.264,22.3,3.4,5.6,9,0.194,1.8,2.9,4.7,3.8
159,16.8,0.58,0.01,0.425,16.9,4,3.9,7.9,0.146,0.3,2,2.3,2.8
160,23.3,0.589,0.003,0.384,21.8,10,4.7,14.7,0.232,3.9,0.9,4.8,5.2
161,17.8,0.548,0.166,0.277,23.3,2.7,2.9,5.5,0.123,1.9,0.8,2.7,2.6
162,10.8,0.544,0.193,0.348,14.5,0.5,0.6,1,0.045,-2.1,-0.4,-2.5,-0.1
162,-2.1,0.333,0,0,15.3,-0.1,0,-0.1,-0.175,-8.5,-0.7,-9.2,0
162,9.9,0.496,0.074,0.444,14,0,0.1,0.1,0.023,-2.6,-0.2,-2.8,0
162,11.1,0.552,0.209,0.342,14.6,0.6,0.5,1,0.052,-1.9,-0.4,-2.3,-0.1
163,13,0.542,0.349,0.256,17.8,0.5,1.9,2.4,0.091,-1.6,1.4,-0.1,0.6
164,13.2,0.533,0.444,0.247,19.7,2,0.4,2.4,0.062,0.3,-0.7,-0.4,0.8
165,14.3,0.502,0.016,0.295,16.8,1.4,3.8,5.2,0.143,-2.2,1.4,-0.9,0.5
166,21.7,0.581,0.433,0.403,26,6.6,3.2,9.9,0.195,4.1,1.3,5.4,4.5
167,9,0.504,0.418,0.168,12.7,1.3,1.2,2.5,0.057,-2.1,0,-2.1,-0.1
168,15.9,0.487,0.055,0.282,24.6,0.3,1.5,1.8,0.101,-1.2,0.2,-1,0.2
169,12.4,0.548,0.345,0.208,21.5,1.3,0.3,1.7,0.037,-0.6,-1.9,-2.5,-0.3
170,18.5,0.566,0.307,0.367,26.5,4.2,1.1,5.3,0.12,3,-1,2,2.2
171,17.8,0.594,0.007,0.32,17.1,3.7,2.7,6.4,0.152,0.2,0.7,0.9,1.5
171,13.7,0.562,0,0.222,12.4,0.5,0.8,1.3,0.157,-1.9,2.2,0.3,0.2
171,18.8,0.598,0.008,0.335,18.3,3.2,1.9,5.1,0.151,0.7,0.3,1,1.2
172,7.7,0.518,0.168,0.201,17.2,-0.2,0.1,0,-0.004,-4.5,-1.3,-5.8,-0.6
173,4.4,0.457,0.105,0.19,12.3,-0.7,0.4,-0.3,-0.014,-5.8,-1,-6.8,-1.2
174,17.8,0.554,0.323,0.37,26.7,3.7,3.2,6.9,0.12,2.2,-0.1,2.1,2.9
175,11,0.566,0,0.343,13.1,0.3,0.8,1.1,0.1,-3.9,-0.2,-4,-0.3
176,13.2,0.586,0.543,0,20,0,0.1,0.1,0.076,0.1,-0.7,-0.6,0
177,12.9,0.538,0.257,0.298,19.5,2.4,2.4,4.8,0.095,-0.6,-0.5,-1.1,0.5
177,12.9,0.533,0.298,0.293,19.3,1.9,1.4,3.3,0.087,-0.3,-0.9,-1.2,0.3
177,12.9,0.553,0.134,0.312,19.8,0.5,1,1.5,0.118,-1.5,0.8,-0.7,0.2
178,10.8,0.515,0.255,0.164,20.5,0.3,1.5,1.8,0.052,-2.1,-0.7,-2.8,-0.3
179,9.7,0.482,0.399,0.168,18.2,-0.2,0.8,0.5,0.022,-1.8,-0.4,-2.2,-0.1
180,33,0.521,0,1,26.7,0,0,0,0.293,6,9.1,15.1,0
181,21.9,0.549,0.017,0.505,27.3,6.5,3.4,9.8,0.152,3,-0.3,2.6,3.6
182,19.7,0.55,0.017,0.397,21.2,0.3,0.3,0.6,0.164,-1.1,-0.1,-1.1,0
183,15.8,0.52,0.215,0.256,26,1.6,0.2,1.8,0.059,0.6,-2.2,-1.6,0.1
184,16.4,0.529,0.003,0.413,23.1,2.2,1.6,3.8,0.118,-0.6,-1.3,-1.9,0
185,10.1,0.444,0.32,0.126,16.8,-0.1,0.7,0.6,0.048,-3.3,-0.4,-3.7,-0.3
185,8.7,0.423,0.141,0.113,15.8,-0.1,0.4,0.4,0.075,-4.9,-0.2,-5.2,-0.2
185,11,0.455,0.415,0.133,17.5,0,0.3,0.3,0.032,-2.3,-0.5,-2.8,-0.1
186,16.4,0.598,0.474,0.501,19.5,5,2.1,7.1,0.156,1.3,0.6,1.9,2.2
187,12.3,0.527,0.486,0.173,22.3,0.6,1.5,2.1,0.06,-0.6,-1.1,-1.7,0.1
188,17.2,0.545,0.221,0.494,24.6,3.2,1,4.2,0.089,1.9,-1.3,0.6,1.5
188,17.6,0.543,0.18,0.502,24.4,2.6,0.9,3.4,0.096,2,-0.8,1.2,1.4
188,15.7,0.552,0.348,0.473,25.2,0.7,0.1,0.8,0.068,1.5,-3,-1.5,0.1
189,10.4,0.486,0.318,0.322,19.1,-0.4,0.4,0,0.002,-2.3,-1.2,-3.5,-0.4
190,17.9,0.515,0,0.667,24.2,0,0,0,0.102,-2.3,-0.2,-2.4,0
191,12.7,0.549,0,0.233,14.8,0.4,0.6,0.9,0.13,-1.7,-0.5,-2.3,0
192,12.8,0.481,0.065,0.155,18.9,-0.3,2.6,2.4,0.066,-2.5,0.7,-1.9,0
193,16.2,0.554,0.004,0.307,13,3.9,2.4,6.3,0.146,0.6,1.3,1.9,2.1
194,10.7,0.578,0.253,0.331,15.3,0.8,0.4,1.2,0.048,-1.2,-1.1,-2.2,-0.1
195,10.8,0.464,0.39,0.273,19.5,0.1,0.2,0.3,0.035,-1.6,-1.3,-2.9,-0.1
196,11.7,0.532,0.004,0.794,12.4,0.8,2.1,2.9,0.104,-2.5,0.6,-1.9,0
197,11.7,0.538,0.39,0.305,16.1,0.6,0.2,0.9,0.073,0,-0.7,-0.7,0.2
198,13.2,0.509,0.063,0.286,19.9,0.9,1.4,2.4,0.068,-1.6,-0.2,-1.8,0.1
199,7,0.451,0.106,0.325,16.8,-0.1,0.3,0.2,0.021,-4.5,-0.8,-5.3,-0.4
200,15.9,0.507,0.004,0.309,23.6,0.3,3.3,3.6,0.077,-1.8,0.7,-1.1,0.5
201,15.6,0.503,0.005,0.392,25.5,-0.2,1.7,1.5,0.032,-1.8,-2.1,-3.8,-1.1
202,20.4,0.657,0.008,0.615,18.8,6.4,3.1,9.6,0.201,2.1,1.5,3.6,3.2
203,14.6,0.588,0.322,0.427,18.2,4,2.1,6.1,0.136,0.2,0.6,0.8,1.5
204,14.7,0.563,0.138,0.312,20.1,3.1,1.3,4.4,0.087,-0.2,-0.3,-0.5,0.9
205,13,0.521,0.006,0.241,17.7,0.8,1,1.8,0.079,-2.9,-1.4,-4.3,-0.7
206,12.3,0.543,0.302,0.202,16.7,1.8,1.2,3,0.068,-1,-0.2,-1.3,0.4
206,13.5,0.548,0.256,0.24,17.1,1.7,0.6,2.3,0.076,-0.7,-0.3,-1,0.4
206,9.8,0.53,0.411,0.114,16,0.2,0.5,0.7,0.05,-1.8,0,-1.8,0
207,15.4,0.525,0.222,0.209,20.8,2.2,3.5,5.7,0.094,0.4,0.4,0.8,2
208,10.7,0.642,0,0.744,13.7,1.3,0.5,1.8,0.072,-4,-0.3,-4.3,-0.7
209,20.7,0.587,0.004,0.204,19.7,6.4,3.7,10.1,0.179,2.5,1.1,3.6,3.9
210,11.9,0.535,0.545,0.125,17.6,1,1.2,2.2,0.108,-0.5,0.2,-0.3,0.4
211,26.1,0.616,0.007,0.877,27.2,6.7,7.7,14.4,0.235,2.9,2.4,5.3,5.4
212,9.2,0.416,0.179,0.29,21.9,-0.5,0.3,-0.2,-0.027,-3.1,-0.7,-3.8,-0.2
213,8.4,0.495,0,0.28,13.1,0.2,0.8,0.9,0.074,-3.5,0,-3.5,-0.2
214,6,0.349,0.625,0.167,19.8,-0.2,0,-0.1,-0.082,-3.9,-0.4,-4.3,0
215,17.8,0.555,0.002,0.328,17.3,2.7,2.7,5.4,0.125,0.5,-0.1,0.4,1.3
216,17.7,0.579,0.002,0.298,15.7,4.3,3.2,7.6,0.164,-0.2,0.7,0.5,1.4
217,17.2,0.53,0.238,0.395,19.2,3.3,3.5,6.7,0.13,1.7,1.6,3.2,3.2
218,12.8,0.531,0.003,0.144,16,1,1.9,2.9,0.122,-3.1,0.4,-2.7,-0.2
219,9.7,0.518,0,0.367,11.3,0,0.6,0.5,0.076,-4.7,1.8,-2.8,-0.1
220,14.3,0.516,0.239,0.205,19.1,1.1,2.7,3.8,0.121,-1.2,0.6,-0.6,0.5
221,8.2,0.527,0.421,0.053,12.8,0.1,0.1,0.2,0.06,-3.2,0.8,-2.3,0
222,14.2,0.503,0.17,0.336,23,0.9,1.4,2.4,0.066,-0.3,-0.4,-0.7,0.5
222,12.6,0.492,0.197,0.377,22.8,-0.1,0.1,0,0.002,-1.6,-1,-2.6,-0.1
222,14.6,0.505,0.163,0.326,23.1,1,1.3,2.4,0.082,0,-0.3,-0.3,0.6
223,12.3,0.521,0.07,0.31,18,0.4,0.3,0.7,0.069,-1.9,-1.6,-3.5,-0.2
224,14.6,0.52,0.339,0.288,27.4,-0.2,2.1,1.9,0.039,0.2,-0.7,-0.5,0.9
225,10.1,0.477,0.029,0.272,16.2,-0.4,0.5,0.1,0.015,-3.8,1.1,-2.6,-0.1
226,27.3,0.594,0.188,0.446,31.5,10.3,5.3,15.6,0.244,6.3,1.8,8.1,7.8
227,16.8,0.516,0.3,0.267,26,1.5,1.1,2.6,0.067,1.3,-1.5,-0.1,0.9
228,13.3,0.546,0.062,0.708,13.6,0.4,0.3,0.7,0.097,-1.6,0,-1.7,0
228,-0.5,0.333,0,0,23,0,0,0,-0.183,-12.6,-1.8,-14.4,0
228,13.7,0.553,0.065,0.742,13.4,0.4,0.3,0.7,0.104,-1.4,0,-1.4,0
229,20.1,0.528,0,0.219,24.2,5.1,2.7,7.8,0.128,1.6,-1,0.6,1.9
230,12.4,0.612,0.478,0.304,15.4,3.7,2.1,5.9,0.115,0.5,-0.2,0.3,1.4
231,8,0.375,0.105,0.337,8.8,0,0.5,0.6,0.045,-2.8,0.5,-2.2,0
231,9.5,0.334,0.167,0.278,14.2,0,0.1,0.1,0.042,-3.3,-0.5,-3.8,-0.1
231,7.6,0.403,0.06,0.38,7.2,0.1,0.4,0.4,0.046,-2.6,0.9,-1.7,0
232,15.6,0.493,0.327,0.266,25.5,0.6,3.3,3.9,0.086,0.8,0.9,1.6,2
233,11.1,0.46,0.116,0.158,16.5,0.2,0.5,0.7,0.037,-2.2,-1.1,-3.3,-0.3
234,10.1,0.459,0.037,0.262,17.4,-0.4,0.8,0.4,0.016,-3.7,-1.6,-5.3,-0.9
235,17.6,0.608,0.002,0.323,15.3,4.4,1.2,5.6,0.146,0.3,0,0.3,1.1
236,9.3,0.497,0.119,0.218,25.1,-0.4,0.2,-0.3,-0.044,-3.3,-1.9,-5.1,-0.2
237,10.2,0.554,0,0.952,13.5,0,0.2,0.2,0.08,-5.2,1.1,-4.2,-0.1
237,10.3,0.521,0,1,15,0,0.2,0.2,0.069,-5.9,0.6,-5.3,-0.1
237,9.9,0.773,0,0.667,8.8,0,0.1,0.1,0.118,-3,2.6,-0.4,0
238,12.6,0.505,0.143,0.3,18.2,-0.1,0.8,0.6,0.036,-1.6,0.9,-0.6,0.3
238,8.8,0.449,0.22,0.317,24.2,-0.4,0.3,0,-0.014,-6.8,3.4,-3.4,-0.1
238,13.2,0.517,0.128,0.296,17.1,0.2,0.4,0.6,0.044,-0.7,0.5,-0.2,0.3
239,16.4,0.517,0.258,0.209,26.3,2.5,1.8,4.2,0.08,1.2,-1.5,-0.3,1.1
240,8.3,0.455,0.091,0.303,20.2,0,0,0,-0.009,-4.1,-2.3,-6.4,-0.1
240,7,0.418,0.1,0.267,21.3,-0.1,0,-0.1,-0.048,-4.7,-2.3,-7,-0.1
240,16.2,0.773,0,0.667,13.6,0.1,0,0.1,0.23,-0.6,-1.8,-2.4,0
241,10.2,0.491,0.424,0.135,16.8,0.4,0.9,1.3,0.03,-1.3,-0.4,-1.7,0.2
242,13.7,0.558,0.182,0.421,21.4,0.6,0.6,1.2,0.102,-1.7,0.5,-1.2,0.1
243,10.6,0.4,0.089,0.378,21.7,-0.2,0.2,0,0.007,-2.5,1.6,-0.9,0
244,11.1,0.629,0.829,0.208,12,3,1.7,4.7,0.145,0.7,0.3,1,1.2
245,8.5,0.469,0.008,0.512,15.4,-0.2,0.6,0.5,0.042,-5.3,0.8,-4.5,-0.3
246,14.8,0.648,0.003,0.636,11.7,2.6,2.6,5.2,0.122,-1.7,1,-0.7,0.7
247,15.7,0.495,0,0.152,24.4,-0.2,1.1,0.8,0.047,-1.7,0.3,-1.4,0.1
248,1.6,0.277,0.286,0.071,12.7,-0.3,0.1,-0.2,-0.07,-5.7,-1.7,-7.4,-0.2
249,14.4,0.5,0.656,0.129,14.3,2.5,3.9,6.4,0.116,0.9,2,2.8,3.3
250,16.6,0.567,0.181,0.498,17.8,2.9,1.7,4.5,0.109,1.7,0.5,2.2,2.1
251,10.1,0.502,0.323,0.16,21.7,-0.5,0.2,-0.3,-0.012,-2.4,-2.3,-4.7,-0.7
252,13,0.572,0.519,0.156,18.3,2.7,2.4,5.1,0.149,0.4,0.7,1.1,1.3
253,12.6,0.474,0.013,0.287,19.9,-0.2,0.4,0.2,0.027,-3.9,-1.6,-5.5,-0.4
253,10.4,0.447,0.019,0.222,18.2,-0.3,0.3,0,-0.004,-4.7,-1.2,-5.9,-0.3
253,20.3,0.536,0,0.452,25.6,0.1,0.1,0.3,0.133,-1.3,-2.8,-4.1,-0.1
254,13.1,0.557,0,0.323,16.9,2.3,1.7,4,0.122,-1.4,-1,-2.5,-0.2
254,12.5,0.534,0,0.216,16.4,1.2,0.8,2,0.096,-1.5,-1.4,-2.8,-0.2
254,14.3,0.598,0,0.544,17.8,1,0.9,2,0.17,-1.4,-0.3,-1.8,0
255,14.8,0.555,0.006,0.419,20.5,2.8,1.3,4.1,0.098,-0.5,-1.3,-1.9,0.1
255,14.7,0.545,0.006,0.444,20.3,1.8,0.7,2.5,0.086,-0.4,-1.4,-1.8,0.1
255,15.2,0.578,0.005,0.36,20.8,1,0.6,1.6,0.125,-0.8,-1.2,-2.1,0
256,9.9,0.502,0.194,0.344,15.7,0.1,0.3,0.4,0.027,-3.5,-0.5,-4,-0.4
256,0.4,0.256,0.316,0.526,16,-0.4,0.1,-0.3,-0.138,-8.3,-0.9,-9.2,-0.2
256,11.3,0.532,0.18,0.323,15.6,0.5,0.2,0.7,0.052,-2.7,-0.5,-3.2,-0.2
257,-9.1,,,,0,0,0,0,-0.009,-16.9,1.9,-15,0
258,17.9,0.593,0.249,0.327,19.6,5.1,1.6,6.7,0.153,2.4,-0.3,2.1,2.2
259,12.6,0.534,0.302,0.208,17.9,1.6,1.1,2.7,0.076,-0.7,-0.5,-1.1,0.4
260,17.8,0.549,0.003,0.273,21.2,4.1,2,6,0.11,0.5,-0.9,-0.4,1.1
261,12,0.535,0.419,0.165,17.6,1.2,1.9,3,0.079,-0.7,0.3,-0.4,0.7
261,11,0.524,0.444,0.167,18.6,0.3,1.2,1.5,0.091,-1,0.6,-0.5,0.3
261,12.8,0.544,0.397,0.163,16.8,0.8,0.7,1.5,0.07,-0.4,0,-0.3,0.4
262,14.8,0.458,0.069,0.347,15.6,0,0.4,0.5,0.078,-2.1,4.4,2.2,0.3
263,14.3,0.53,0.01,0.315,20.1,0.7,1.2,1.9,0.073,-1,1,0,0.7
264,19.3,0.549,0.001,0.374,27.3,4.4,1.9,6.3,0.105,1.4,-0.9,0.6,1.9
265,13.9,0.539,0,0.28,20.4,0.8,0.8,1.5,0.074,-3.1,-1,-4.1,-0.5
266,24.3,0.593,0.206,0.486,22.9,8.9,2.5,11.4,0.21,5.7,-1.3,4.4,4.2
267,16.5,0.55,0.424,0.31,18.6,5.1,1.8,7,0.13,2,0,2,2.6
268,-0.1,0.258,0.333,0.667,17.8,0,0,0,-0.121,-6.3,-3.3,-9.6,0
269,15.8,0.573,0.14,0.581,27.7,1.5,1.9,3.4,0.115,-0.6,-0.2,-0.8,0.5
270,12.7,0.585,0,0.818,10.3,0.3,0.3,0.6,0.172,-1.5,0.9,-0.6,0.1
271,13.7,0.645,0.02,0.837,15.3,1,0.8,1.8,0.177,-3.3,1.1,-2.1,0
272,17,0.551,0.04,0.197,21.5,2.3,3.4,5.6,0.12,-0.1,0.4,0.3,1.3
273,4.9,0.473,0.045,0.182,13.1,-0.1,0.2,0.1,0.019,-7.3,-0.8,-8.1,-0.3
274,11.7,0.524,0.544,0.22,17.6,0.5,0.3,0.8,0.071,0.2,-0.8,-0.6,0.2
275,14.1,0.526,0.025,0.199,16.4,1,1.6,2.7,0.104,-0.8,1.7,0.9,0.9
276,21.4,0.601,0.362,0.528,29.6,8,1.5,9.5,0.175,4.3,-1,3.4,3.5
277,7.1,0.461,0.571,0.13,12.2,0.1,0.1,0.2,0.029,-2.4,-1.2,-3.6,-0.1
278,15.5,0.582,0.386,0.322,21.3,5,2.3,7.2,0.126,1,-0.1,0.9,2
279,9.4,0.51,0,0.524,13.9,0,0.4,0.5,0.024,-3.3,-1.1,-4.4,-0.6
280,11.7,0.485,0.288,0.177,16.5,0.7,0.8,1.5,0.061,-0.8,-1.1,-1.8,0.1
281,12.6,0.499,0.353,0.175,21.8,0.5,1.9,2.4,0.062,-0.4,-0.1,-0.6,0.7
282,11.5,0.518,0.016,0.439,13.1,1.5,3.3,4.8,0.109,-2.3,1.1,-1.3,0.4
283,12.8,0.516,0.003,0.224,14.9,1,2.1,3,0.105,-1.8,1.1,-0.7,0.4
284,17.4,0.566,0.005,0.381,16.3,2.7,2.5,5.3,0.115,-0.7,0.4,-0.4,0.9
285,14.9,0.503,0.171,0.251,18.6,1,1.1,2.1,0.061,0.1,0.5,0.6,1.1
286,10.4,0.437,0.011,0.214,13.8,0.1,0.9,0.9,0.059,-3.3,0.3,-2.9,-0.2
287,16,0.608,0.155,0.308,14.7,2.6,2.2,4.9,0.147,0.6,1.7,2.3,1.7
288,12.6,0.6,0.611,0.298,15.7,3.2,1.9,5.1,0.12,0.1,0.1,0.2,1.1
289,-0.1,0.333,0,0,6.8,0,0,0,0.013,-9.1,0.7,-8.4,-0.1
290,14.4,0.507,0.377,0.218,25.1,1.2,1.3,2.5,0.061,-0.1,-0.9,-1,0.5
291,12.2,0.482,0,0.199,19.7,-1.5,1.7,0.2,0.007,-3.9,1.3,-2.7,-0.3
292,17.8,0.529,0.044,0.346,20.6,4.6,2.4,7,0.127,1.5,0.1,1.6,2.4
293,16.3,0.566,0.361,0.318,17,2,1,3,0.142,1.7,1.1,2.8,1.2
294,9.7,0.525,0.584,0.168,14.4,0.4,1.2,1.6,0.09,-1.5,0.1,-1.4,0.1
295,13,0.506,0.405,0.143,24.5,0.2,0.5,0.7,0.044,-0.1,-1.4,-1.5,0.1
296,19.8,0.578,0.023,0.342,22.6,5.2,2.5,7.7,0.143,1.6,0.3,1.9,2.5
297,19.8,0.579,0,0.432,24.8,0.2,0.1,0.3,0.147,0.1,1.1,1.2,0.1
298,15.9,0.538,0.002,0.25,20.6,1,1.6,2.7,0.1,-2,-0.8,-2.8,-0.3
298,15.9,0.52,0.003,0.278,22.4,0.3,1.1,1.4,0.08,-2.4,-0.8,-3.2,-0.3
298,16,0.583,0,0.183,17,0.7,0.5,1.2,0.139,-1.3,-0.8,-2.1,0
299,18,0.575,0.002,0.424,15.4,4.7,1.9,6.6,0.143,0.9,-0.5,0.4,1.4
300,10.1,0.499,0.496,0.069,12,0.4,0.7,1.1,0.05,-1.5,0.5,-1.1,0.2
300,10.7,0.488,0.503,0.058,12.5,0.2,0.5,0.7,0.043,-1.4,0.6,-0.8,0.2
300,8.4,0.535,0.475,0.102,10.7,0.2,0.2,0.4,0.068,-1.8,0,-1.9,0
301,12.1,0.573,0.419,0.173,18,2.6,0.4,3,0.078,0.3,-1.3,-1,0.5
302,10.8,0.523,0,0.391,16.2,0.1,0.5,0.6,0.053,-4.3,-0.4,-4.7,-0.3
302,10.3,0.514,0,0.393,15.8,0,0.4,0.4,0.044,-4.5,-0.3,-4.8,-0.3
302,14.4,0.571,0,0.381,18.6,0.1,0.1,0.2,0.112,-2.8,-0.7,-3.5,0
303,3.5,0.366,0,0.5,22.5,-0.3,0.1,-0.2,-0.113,-9.2,-2.5,-11.7,-0.2
304,8,0.428,0.289,0.263,14.8,-0.4,0.7,0.3,0.029,-3.9,0.8,-3.1,-0.1
304,6.7,0.389,0.303,0.224,15.6,-0.4,0.3,-0.1,-0.022,-4.5,0.3,-4.2,-0.2
304,10.1,0.503,0.263,0.342,13.7,0.1,0.4,0.4,0.111,-2.8,1.5,-1.3,0
305,5.3,0.681,0,2.4,7.3,0,0,0.1,0.046,-6.9,0.6,-6.3,-0.1
306,5.5,0.449,0.472,0.153,11.3,-0.1,0.3,0.2,0.02,-4.5,0.9,-3.6,-0.2
307,20.8,0.601,0.253,0.307,21.4,7.3,0.7,7.9,0.153,4.7,-1.5,3.2,3.3
308,13.1,0.578,0.487,0.165,20.6,2.1,1.4,3.5,0.099,0.5,-0.8,-0.3,0.7
309,15.4,0.548,0.354,0.193,22,3.4,3.2,6.6,0.136,1,0.1,1.1,1.8
310,18.8,0.579,0.002,0.468,16.8,3.1,3.6,6.7,0.205,0.8,2.1,2.9,1.9
311,10.1,0.538,0.426,0.22,17.4,0.2,1.1,1.3,0.067,-2.2,-0.3,-2.5,-0.1
312,17.8,0.737,0.687,0.119,16,0.7,0.2,0.9,0.196,5.1,-0.4,4.8,0.4
312,19.6,0.688,0.5,0,20.8,0.1,0,0.1,0.205,5.1,0.7,5.8,0
312,17.7,0.744,0.712,0.136,15.5,0.6,0.2,0.8,0.195,5.1,-0.5,4.7,0.3
313,23.4,0.612,0.142,0.376,28.2,7.8,3.3,11.1,0.213,4.3,0.8,5.1,4.5
314,9.2,0.504,0.009,0.394,17.2,-0.2,0.8,0.6,0.065,-5.4,1.3,-4.2,-0.2
315,17.4,0.659,0,0.652,20.1,1.1,1.6,2.7,0.174,-1.7,2,0.3,0.4
316,0.8,0.595,0,0.4,9.2,0,0,0,-0.012,-8.7,-1.6,-10.3,-0.1
317,19.4,0.589,0.199,0.275,19.7,6.1,4,10.1,0.184,2.8,0.8,3.5,3.7
318,16,0.584,0.002,0.492,15.8,2.7,3.8,6.5,0.136,-0.9,0.5,-0.4,0.9
319,12.6,0.452,0.258,0.323,21.2,0.1,0.1,0.2,0.048,-1.3,-1.5,-2.8,0
320,8.8,0.469,0.345,0.234,17.3,-0.4,1.2,0.8,0.016,-2.4,-1.1,-3.5,-0.9
321,11.2,0.556,0.406,0.281,12.7,0.1,0.2,0.2,0.083,-1.8,2.4,0.6,0.1
321,11.9,0.58,0.5,0.667,11.5,0,0,0.1,0.151,-1.8,3.9,2.2,0
321,11,0.55,0.385,0.192,13.1,0,0.1,0.1,0.064,-1.8,1.9,0.1,0.1
322,12.4,0.562,0,0.772,14.5,1.5,1.6,3.1,0.118,-2.8,0.1,-2.8,-0.2
323,10.5,0.505,0.411,0.172,14.6,0.9,0.6,1.5,0.034,-1.7,-0.3,-2,0
324,20.4,0.569,0.065,0.283,25.5,5.8,2.4,8.2,0.156,2.3,-0.4,1.8,2.4
325,16.7,0.574,0.007,0.157,16.1,1.7,0.7,2.4,0.134,0.4,-0.1,0.3,0.5
326,23.7,0.578,0.197,0.414,21.1,9.5,4.4,13.9,0.232,4.4,2.8,7.1,6.7
327,6,0.497,0.431,0.139,11.6,-0.2,0.5,0.3,0.042,-4.2,1.2,-3,-0.1
327,7.8,0.551,0.457,0.143,12.1,0,0.2,0.2,0.067,-2.8,1.2,-1.6,0
327,2.9,0.182,0.455,0,11.4,-0.1,0.1,-0.1,-0.065,-5.7,1.1,-4.5,0
327,5.1,0.55,0.385,0.192,11,-0.1,0.2,0.2,0.051,-5.3,1.2,-4.1,-0.1
328,11.2,0.573,0,0.433,19.4,0.2,0.5,0.6,0.035,-4.8,-0.9,-5.7,-0.8
329,9.6,0.538,0,0.554,13.7,-0.2,1.2,1,0.063,-3.6,0.6,-3,-0.2
329,10.2,0.568,0,0.678,15.6,-0.1,0.6,0.6,0.088,-3.6,1.1,-2.5,0
329,9.1,0.511,0,0.451,12.3,-0.1,0.6,0.4,0.046,-3.6,0.3,-3.4,-0.1
330,1.7,0.4,0.2,0,9.9,0,0,0,0.015,-8.7,-1,-9.8,0
331,9.9,0.452,0.014,0.097,18.1,-0.7,1.1,0.4,0.024,-5.5,0.9,-4.7,-0.6
332,19.7,0.62,0.291,0.44,24,6.5,5.1,11.6,0.201,3,1.6,4.6,4.6
333,9.8,0.526,0.647,0.156,17.6,0.3,1,1.3,0.055,-1.2,0.2,-1,0.3
333,8.3,0.54,0.757,0.052,14.6,0.1,0.6,0.7,0.082,-1.3,0.8,-0.5,0.2
333,10.8,0.519,0.596,0.204,19.5,0.1,0.4,0.6,0.039,-1.1,-0.1,-1.2,0.1
334,-6.4,0.333,0,0,21.3,-0.1,0,-0.1,-0.246,-15.1,-2.8,-17.9,0
335,8.5,0.482,0.278,0.189,13.7,0.2,0.7,0.9,0.06,-2.4,0.1,-2.3,-0.1
336,7.5,0.485,0.88,0.062,14.3,0,1,1,0.056,-2.6,0.5,-2.1,0
337,15,0.524,0.017,0.605,22.4,0.4,0.2,0.6,0.09,-1.7,-1.7,-3.4,-0.1
337,12.9,0.497,0,0.441,18.3,0.1,0.1,0.2,0.051,-1.8,-1.5,-3.3,-0.1
337,17.8,0.548,0.033,0.767,27.9,0.3,0.1,0.4,0.142,-1.7,-1.9,-3.5,-0.1
338,8,0.492,0.005,0.216,20.4,-0.7,0.5,-0.2,-0.012,-5,-2.3,-7.3,-0.9
339,10.7,0.454,0.466,0.253,22.7,-0.4,0.7,0.3,0.02,-1.9,-1.1,-2.9,-0.2
340,5.5,0.434,0.329,0.186,18,-1.2,0.5,-0.7,-0.048,-6.2,-0.1,-6.3,-0.8
341,15.1,0.511,0.098,0.168,21,2.9,0.4,3.3,0.062,1,-1.8,-0.8,0.7
342,6.2,0.573,0,0.614,7.7,-0.1,0.6,0.5,0.046,-5.4,0.6,-4.8,-0.4
342,7.2,0.623,0,0.676,6.9,0.1,0.6,0.6,0.066,-4.6,1,-3.7,-0.2
342,0.3,0.383,0,0.4,11.9,-0.2,0.1,-0.1,-0.074,-9.9,-1.9,-11.8,-0.2
343,7.5,0.428,0.407,0.088,16.8,-0.1,0.2,0.1,0.024,-3.4,-0.9,-4.3,-0.2
344,12.6,0.562,0.544,0.107,14.7,1.2,0.9,2.1,0.086,-0.5,0.4,-0.1,0.6
345,16.2,0.505,0.015,0.326,25.8,-0.2,0.6,0.5,0.038,-1.8,-0.4,-2.2,0
345,7.6,0.348,0.089,0.267,21.1,-0.4,0.2,-0.2,-0.074,-5.9,-0.7,-6.5,-0.1
345,18.5,0.537,0,0.338,27.1,0.2,0.5,0.7,0.069,-0.7,-0.3,-1,0.1
346,22.6,0.552,0.036,0.333,25,6.8,3.7,10.5,0.185,3.8,-1.2,2.6,3.2
347,4.4,0.145,0,0.333,6.3,-0.1,0.1,0,0,-4.9,1.4,-3.5,0
348,-1.2,0.508,0.571,0.286,27.5,-0.2,0,-0.2,-0.314,-8,-5.2,-13.2,-0.1
349,9.7,0.47,0.378,0.089,17.7,0,0.1,0.1,0.048,-2.6,-1.4,-4,-0.1
350,12.8,0.589,0.49,0.286,17,2.7,1.8,4.5,0.142,0.4,0.7,1.1,1.2
351,15,0.555,0.454,0.151,20.6,3.6,3.3,6.9,0.123,1.2,0.5,1.7,2.5
351,19.1,0.574,0.38,0.185,25.5,1.5,0.4,1.9,0.117,3.2,-1.4,1.7,0.7
351,13.2,0.543,0.496,0.13,18.6,2.1,2.9,5,0.125,0.4,1.3,1.6,1.7
352,8.1,0.454,0.573,0.173,14.9,-0.2,1.5,1.3,0.067,-2.4,0.9,-1.5,0.1
353,15,0.567,0.27,0.201,17.8,3.2,0.8,4,0.089,0.7,-0.7,0,1.1
354,10,0.507,0.532,0.117,21.9,-0.4,1.5,1.1,0.051,-2.5,-0.1,-2.6,-0.2
354,10.2,0.512,0.532,0.111,21.7,-0.3,1.5,1.1,0.054,-2.3,0,-2.3,-0.1
354,3.3,0.388,0.533,0.267,28.4,0,0,0,-0.063,-7.8,-5.1,-12.9,-0.1
355,17.1,0.495,0.064,0.197,18.3,1.8,4.8,6.6,0.126,1.6,1.4,3.1,3.2
356,23.5,0.55,0.241,0.348,32.2,8.3,4.8,13.1,0.208,6.3,0.5,6.8,6.7
357,3.7,0.437,0.051,0.237,9.5,-0.1,0.1,0,-0.007,-5.3,-0.8,-6.2,-0.4
358,13.9,0.491,0.218,0.264,22.8,1.2,0.9,2.1,0.077,0.2,-0.4,-0.2,0.6
359,10.6,0.54,0.433,0.206,15.9,0.9,1.7,2.6,0.07,-0.9,0,-0.8,0.5
360,12.8,0.51,0.244,0.267,20.9,0.9,3.4,4.3,0.081,-0.9,0.7,-0.3,1.1
361,11.7,0.498,0.012,0.456,22.1,-0.3,0.3,0,0.002,-3.6,-2.2,-5.8,-0.7
362,11,0.448,0,0.187,17.6,-0.7,1.8,1,0.057,-5.2,1.7,-3.5,-0.3
363,6.5,0.526,0.263,0,12.5,0,0.2,0.1,0.071,-6.5,2.7,-3.8,0
364,18.4,0.538,0.003,0.257,25.7,3.3,2.2,5.5,0.11,0.4,-0.8,-0.4,1
365,10.4,0.545,0.306,0.237,9.4,1.6,2.5,4.1,0.097,-1.3,1.9,0.6,1.3
366,8.4,0.479,0,0.211,14.1,-0.2,0.5,0.2,0.017,-5.8,-1,-6.9,-0.8
367,19,0.559,0.019,0.545,24.2,3.8,0.6,4.4,0.099,1.8,-1.4,0.3,1.3
368,6.8,0.389,0.169,0.254,23.2,-0.5,0.1,-0.4,-0.112,-4.7,-1.9,-6.6,-0.2
369,13.5,0.553,0,0.71,22.6,0.1,0.1,0.1,0.054,-3.5,-2.3,-5.8,-0.1
370,-5.5,0,1,0,8.6,0,0,0,-0.138,-8.9,-2.9,-11.8,0
371,0,,,,0,0,0,0,0.023,-3.8,-0.6,-4.3,0
372,15.4,0.592,0.027,0.362,19.1,1,0.4,1.5,0.12,-0.8,-0.3,-1.1,0.1
373,7.6,0.406,0.087,0.183,15.9,-0.5,0.4,-0.1,-0.016,-4.5,-0.5,-5,-0.3
373,8.8,0.423,0.096,0.12,15.2,-0.2,0.3,0,0.002,-3.7,-0.1,-3.8,-0.1
373,4.3,0.366,0.063,0.344,17.9,-0.3,0.1,-0.2,-0.066,-7,-1.5,-8.5,-0.2
374,16.4,0.55,0.406,0.282,22.2,2.6,2.3,5,0.121,1.1,0.6,1.7,1.9
375,10.8,0.49,0.007,0.228,16.9,0.2,1.4,1.6,0.07,-3.6,0.1,-3.5,-0.4
376,-0.1,0.237,0,0.125,14.5,-0.3,0.1,-0.1,-0.099,-10.1,0.8,-9.2,-0.1
376,-3.9,0.25,0,0,11.1,-0.1,0,-0.1,-0.159,-8.6,-1.5,-10.1,-0.1
376,2.1,0.233,0,0.167,16.5,-0.2,0.1,-0.1,-0.065,-10.9,2.2,-8.7,-0.1
377,19.2,0.54,0.148,0.304,24.7,1.9,4.5,6.4,0.116,1,1.7,2.8,3.2
378,1.2,0.477,0,0.267,13.5,-0.1,0.1,0,-0.019,-8.9,-1.4,-10.3,-0.1
379,15.3,0.532,0.014,0.251,22.8,0.7,1,1.7,0.11,-2.2,-0.8,-3,-0.2
380,16,0.55,0.005,0.733,17.7,1.1,1.1,2.3,0.149,-1.3,0.5,-0.8,0.2
381,6,0.398,0.333,0.583,16,-0.1,0.1,0,0.005,-4.5,-1.7,-6.2,-0.1
382,5.5,0.41,0.128,0.359,23.5,-0.4,0.1,-0.2,-0.093,-6.5,-0.6,-7.2,-0.2
383,9.8,0.549,0.755,0.13,15.9,0.8,1,1.8,0.074,-0.1,-0.3,-0.4,0.5
384,15.2,0.588,0.599,0.11,19.4,1.1,0.6,1.6,0.126,2.5,-0.4,2.1,0.6
384,16.7,0.624,0.758,0.212,21.5,0.2,0.1,0.3,0.144,4.8,-1,3.8,0.1
384,34,0.919,0.6,0.2,26.2,0.1,0,0.1,0.242,15.3,0.1,15.5,0.1
384,14.1,0.563,0.571,0.087,18.7,0.7,0.5,1.2,0.118,1.5,-0.3,1.3,0.4
385,22.7,0.565,0.016,0.403,30.9,5.4,2.6,8,0.134,2,-0.6,1.4,2.4
386,18.4,0.544,0.109,0.461,24.5,4.4,0.6,5,0.111,1.5,-1.4,0.2,1.2
387,4.4,0.476,0.304,0.29,21.3,-0.3,0,-0.3,-0.083,-5.7,-3.8,-9.5,-0.4
388,9.2,0.478,0.167,0.5,23.3,0,0,0,-0.047,-3.5,-2.5,-6,0
389,12.2,0.535,0.23,0.143,22.9,-0.1,0.3,0.1,0.014,-1.4,-2.2,-3.6,-0.2
389,13.3,0.563,0.156,0.188,23.3,0,0.1,0,0.027,-0.7,-1,-1.8,0
389,12,0.53,0.244,0.134,22.8,-0.1,0.2,0.1,0.011,-1.5,-2.4,-3.9,-0.2
390,14.6,0.521,0.158,0.319,20.3,0.4,1.2,1.7,0.083,-0.8,1.3,0.5,0.6
391,10.5,0.497,0.324,0.249,19.9,0,0.2,0.1,0.008,-1.9,-1.6,-3.5,-0.3
392,4.7,0.378,0.544,0.25,20.1,-0.7,0.3,-0.4,-0.085,-6.2,-0.2,-6.4,-0.3
392,0.6,0.17,0.2,0.4,15.1,-0.1,0,-0.1,-0.135,-6.2,0.8,-5.4,0
392,3.1,0.373,0.476,0.19,14,-0.1,0.1,0,-0.019,-6.4,0,-6.4,-0.1
392,6.4,0.406,0.619,0.262,24.9,-0.5,0.2,-0.3,-0.119,-6.2,-0.4,-6.6,-0.1
393,15.9,0.545,0.322,0.196,24.7,2.8,2.5,5.3,0.1,1,-0.1,0.9,1.9
394,4.7,0.478,0,0.875,8.7,-0.2,0.5,0.3,0.043,-6.5,0.9,-5.7,-0.3
394,4.9,0.487,0,0.897,8.7,-0.1,0.5,0.3,0.045,-6.3,0.8,-5.5,-0.3
394,-13.6,0,0,0,11,0,0,0,-0.179,-23.1,3.2,-19.9,0
395,15.1,0.58,0,0.714,18.9,0.1,0.1,0.2,0.13,-1.9,0.3,-1.7,0
396,10,0.527,0.005,0.172,9.4,0.7,2.6,3.2,0.131,-3.4,2.8,-0.6,0.4
397,18.2,0.536,0.009,0.411,24.9,0.4,1.5,1.8,0.103,-1.8,1.2,-0.6,0.3
398,13.6,0.533,0.006,0.375,17.9,1.4,1.5,2.9,0.079,-1.7,-0.5,-2.2,-0.1
399,11.7,0.531,0.06,0.329,17.8,1,0.6,1.6,0.054,-2.4,-1,-3.3,-0.4
399,11.8,0.525,0.076,0.327,17.3,0.9,0.4,1.3,0.058,-1.8,-0.9,-2.7,-0.2
399,11.3,0.549,0.01,0.337,19.6,0.1,0.2,0.3,0.042,-4.1,-1.3,-5.5,-0.3
400,16.5,0.525,0.297,0.228,24.9,1.9,1.6,3.5,0.095,1.4,-0.4,1,1.3
400,14,0.494,0.278,0.198,25.6,0,0.9,0.9,0.057,0.2,-0.5,-0.3,0.3
400,18.2,0.547,0.311,0.249,24.4,1.9,0.8,2.6,0.123,2.3,-0.4,1.9,1
401,13.3,0.585,0.367,0.419,13.1,2.6,0.7,3.3,0.115,0.1,0,0,0.7
402,13.6,0.648,0,0.601,9.6,2.1,1.1,3.2,0.134,-0.8,2.2,1.4,1
403,13.4,0.555,0.429,0.216,16.7,3.4,3.4,6.8,0.129,0.3,1.4,1.7,2.3
403,13.1,0.567,0.503,0.187,17.2,0.8,0.4,1.2,0.092,0.5,0.3,0.8,0.4
403,13.6,0.55,0.403,0.227,16.6,2.7,3,5.6,0.142,0.2,1.8,2,1.9
404,10.8,0.484,0.083,0.236,17,0,2.2,2.3,0.06,-2.6,0.4,-2.2,-0.1
405,9.7,0.472,0,0.288,12.8,0,0.7,0.7,0.032,-4.4,0.6,-3.8,-0.5
406,5.3,0.285,0.381,0.381,10.4,-0.2,0.2,0,0.008,-5.9,2.8,-3.1,0
407,15.7,0.587,0.221,0.277,16.9,5.6,1.6,7.2,0.126,0.5,0,0.5,1.7
408,14.7,0.468,0.056,0.389,20.5,0.2,0.2,0.5,0.054,0.4,-1,-0.6,0.2
409,15.2,0.56,0.009,0.375,13.3,1.3,0.9,2.2,0.105,-0.9,0.1,-0.8,0.3
410,9.4,0.493,0.369,0.189,16.9,-0.1,0.7,0.5,0.03,-2.4,-0.9,-3.3,-0.3
411,15.9,0.553,0.456,0.164,23.1,2.1,1,3.1,0.091,1,-1.4,-0.4,0.7
412,12.3,0.515,0.44,0.161,19.8,1.1,1,2.1,0.061,-1,-0.5,-1.5,0.2
412,3.4,0.419,0.304,0.087,24.4,-0.1,0,-0.1,-0.082,-7.2,-3.3,-10.5,-0.1
412,12.6,0.518,0.446,0.164,19.6,1.2,1,2.2,0.066,-0.8,-0.4,-1.2,0.3
413,25.6,0.581,0.149,0.471,31.6,8.1,4.7,12.8,0.218,5.5,1.1,6.6,6.1
414,10.6,0.524,0.421,0.239,17,0.2,0.9,1.1,0.092,-2.3,0.9,-1.4,0.1
415,11.3,0.583,0.648,0.186,16.6,0.7,0.4,1.1,0.069,-0.6,-1.2,-1.8,0
416,15.8,0.494,0.118,0.404,23.8,0.3,1.9,2.2,0.041,0,-0.8,-0.8,0.8
417,12.3,0.442,0.013,0.383,8.2,0.5,1.4,1.9,0.072,-1.3,1.3,0,0.6
418,16.2,0.548,0.219,0.439,20.3,2.6,3.6,6.2,0.111,0.4,1.1,1.5,2.4
418,15,0.53,0.182,0.488,20.2,1.3,2.3,3.6,0.092,-0.3,0.7,0.4,1.1
418,18.9,0.59,0.297,0.335,20.5,1.3,1.3,2.6,0.153,1.9,2.1,3.9,1.2
419,5.1,0.378,0.293,0.086,14.3,-0.7,0.5,-0.2,-0.016,-4.8,-0.2,-5,-0.4
420,10.8,0.48,0.429,0.229,15.5,0.1,0.1,0.2,0.065,-2.4,-0.3,-2.7,0
421,16.5,0.581,0.025,0.659,20.9,2.6,0.8,3.4,0.116,0.1,-1,-1,0.3
422,12.8,0.466,0.284,0.236,21.4,0.2,2,2.1,0.093,-1.4,1.1,-0.3,0.5
423,10.2,0.5,0.349,0.267,13.4,0.2,0.8,1,0.03,-1.9,-0.3,-2.1,-0.1
424,11.3,0.491,0.28,0.32,23.6,-0.1,0,0,-0.018,-1.5,-1.2,-2.7,0
425,12.4,0.575,0.388,0.359,17.6,1.4,0.3,1.8,0.077,-0.4,-0.9,-1.3,0.2
426,10.2,0.492,0.119,0.183,20.3,-0.4,0,-0.4,-0.013,-2.5,-2.2,-4.6,-0.9
427,20.4,0.558,0.009,0.314,25.8,4.4,3.4,7.8,0.152,2.2,0.6,2.8,3
428,12.3,0.533,0.275,0.125,16.6,0.1,0.8,0.9,0.093,-0.5,2.3,1.8,0.4
429,9.1,0.474,0.19,0.238,10.1,0.1,0.1,0.2,0.069,-5.5,1.3,-4.2,-0.1
430,23.6,0.538,0.074,0.454,31.6,6.3,3.1,9.4,0.159,4.3,-0.1,4.2,4.4
431,15.3,0.542,0.009,0.292,17.7,1.1,0.7,1.8,0.128,-0.6,-0.5,-1.1,0.2
431,10.1,0.468,0,0.154,15.8,0,0.3,0.3,0.056,-3.9,0.2,-3.7,-0.1
431,17.7,0.571,0.013,0.351,18.6,1.1,0.4,1.6,0.161,1,-0.9,0.1,0.2
432,-17.9,,,,0,0,0,0,0.007,-27.9,0,-27.9,0
433,18,0.587,0.003,0.276,18.9,2,0.8,2.8,0.133,-0.3,-1.1,-1.4,0.2
434,11.4,0.557,0.073,0.409,12.8,0.7,0.8,1.5,0.104,-2.4,1.4,-1,0.2
435,21.1,0.566,0.325,0.423,25.8,6.2,1.1,7.3,0.142,4.3,-1.3,3,3.1
435,22.1,0.587,0.32,0.439,26.2,5.9,0.8,6.7,0.159,5,-1.2,3.7,2.9
435,17,0.463,0.349,0.343,24.2,0.3,0.3,0.6,0.066,1.4,-1.5,-0.1,0.2
436,8.4,0.403,0.567,0,13.2,-0.2,0.4,0.2,0.031,-2.3,0.7,-1.6,0
436,8.5,0.434,0.605,0,13.3,-0.1,0.3,0.2,0.053,-2.6,2.3,-0.3,0.1
436,8.2,0.362,0.517,0,13.1,-0.1,0.1,0,0,-1.8,-1.5,-3.3,0
437,4.8,0.396,0.357,0.095,17.1,-0.6,0.1,-0.5,-0.067,-5.5,-1.4,-6.8,-0.5
438,18.9,0.54,0.318,0.448,27.8,3.5,1.6,5.1,0.141,3,-0.7,2.3,1.9
439,13.5,0.551,0.205,0.324,17.2,2.3,1.7,4,0.102,-0.3,-0.5,-0.8,0.6
440,13.9,0.503,0.334,0.242,24.7,0.4,0.6,1,0.026,-0.1,-2.2,-2.4,-0.2
440,13.8,0.471,0.294,0.221,26,-0.4,0.3,-0.1,-0.005,-0.3,-2.5,-2.8,-0.2
440,14,0.556,0.403,0.28,22.7,0.8,0.3,1.1,0.073,0.1,-1.9,-1.8,0.1
441,14.9,0.585,0.421,0.234,18.7,3.4,0.3,3.7,0.109,1.6,-1.8,-0.2,0.7
442,12.2,0.558,0.551,0.127,15.2,1.4,1.1,2.5,0.089,-0.5,-0.2,-0.7,0.4
443,12.3,0.522,0,0.341,14.5,0.9,1.1,1.9,0.102,-2.3,-0.4,-2.7,-0.2
443,11.3,0.492,0,0.254,14.9,0.2,0.9,1.2,0.078,-2.8,-0.3,-3.1,-0.2
443,15.9,0.638,0,0.744,13,0.6,0.1,0.8,0.188,-0.7,-0.8,-1.5,0
444,6.9,0.427,0.191,0.183,24.7,-0.8,0.2,-0.6,-0.096,-5.3,-0.8,-6,-0.3
444,6.2,0.433,0.164,0.137,23.1,-0.6,0.1,-0.4,-0.102,-5.1,-0.3,-5.4,-0.2
444,8.6,0.416,0.238,0.262,28.8,-0.2,0.1,-0.1,-0.08,-5.7,-1.9,-7.6,-0.1
445,11.2,0.485,0.354,0.207,15.3,1.2,3.2,4.4,0.088,-1.4,1.5,0.2,1.3
446,-4.8,0.125,0.5,0,12.6,-0.1,0,-0.1,-0.179,-11.2,-3.2,-14.3,-0.1
447,15.9,0.54,0,0.265,17.2,0.4,0.4,0.8,0.099,-0.8,-0.6,-1.4,0.1
447,16.2,0.6,0,0.222,17.9,0.3,0.1,0.4,0.091,-0.6,-0.9,-1.5,0
447,15.5,0.472,0,0.315,16.5,0.2,0.2,0.4,0.107,-1.1,-0.3,-1.4,0
448,15,0.539,0.45,0.199,19.3,3.9,1.8,5.8,0.088,1.3,-0.5,0.8,2.2
449,12.1,0.525,0.063,0.269,13,0.2,0.4,0.6,0.038,-0.7,0.7,0,0.4
450,14.5,0.538,0.29,0.244,24.4,2.3,0.4,2.8,0.065,0.6,-1.8,-1.3,0.4
451,12.5,0.525,0.101,0.235,17.3,1.1,1.8,2.9,0.088,-1.6,0.7,-0.9,0.5
452,18.4,0.566,0.026,0.205,22.1,3.2,3,6.2,0.139,0.8,0.3,1,1.6