Rk,PER,TS%,FTr,USG%,,OWS,DWS,WS,WS/48,,OBPM,DBPM,BPM,VORP
1,6.3,0.507,0.083,12.2,,0.1,0.6,0.6,0.053,,-3.7,0.4,-3.3,-0.2
2,2.9,0.379,0.556,9.2,,-0.1,0,-0.1,-0.022,,-7.6,-0.5,-8.1,-0.2
3,7.6,0.474,0.082,13.5,,-0.1,0.2,0.1,0.011,,-3.8,-0.5,-4.3,-0.2
4,18.5,0.591,0.361,16.4,,5.1,4,9.1,0.163,,0.7,0.4,1.1,2.1
5,17.9,0.623,0.465,15.8,,3.4,3.4,6.8,0.171,,-0.4,2.2,1.8,1.8
6,2.7,0.424,0.111,9.9,,-0.2,0,-0.2,-0.054,,-6,-1.6,-7.5,-0.3
7,8.2,0.322,0.2,25,,-0.1,0,0,-0.051,,-7.9,2.1,-5.8,0
8,22.9,0.576,0.312,26.9,,6.4,2.9,9.3,0.167,,2.4,-0.6,1.8,2.6
9,8.1,0.418,0.308,19,,-0.1,0,-0.1,-0.042,,-3.8,-3.5,-7.3,-0.2
10,7.5,0.516,0.337,24.4,,-0.4,0.4,0,0.002,,-4.2,-2.1,-6.3,-0.5
11,18.5,0.632,0.489,15.9,,4.4,3.3,7.6,0.175,,0.2,1.4,1.6,1.9
12,16.2,0.574,0.383,19.6,,0.7,0.2,1,0.111,,0.3,0.3,0.6,0.3
13,13.2,0.568,0.292,13.7,,3,2.8,5.8,0.121,,0.1,0.6,0.7,1.5
14,11.2,0.516,0.223,17.2,,0.1,0.4,0.4,0.043,,-2.4,-0.3,-2.7,-0.1
15,12.8,0.569,0.232,12.6,,0.8,1.8,2.7,0.1,,-1.6,2.4,0.8,0.9
16,4.6,0.414,0.232,12,,-0.3,0,-0.2,-0.035,,-4.5,-1.9,-6.4,-0.4
16,4.6,0.423,0.233,12.1,,-0.2,0,-0.2,-0.039,,-4.5,-1.9,-6.3,-0.3
16,4.5,0.354,0.222,11.6,,0,0,0,-0.009,,-4.6,-1.9,-6.5,0
17,-6,0,0,29.1,,-0.1,0,-0.1,-0.48,,-14,-2.3,-16.2,0
18,30.9,0.644,0.55,32.3,,8.9,5.5,14.4,0.292,,6.3,4.1,10.4,7.4
19,-0.9,0.21,1.333,22.5,,-0.1,0,-0.1,-0.247,,-12.6,-0.1,-12.7,0
20,10.9,0.513,0.182,20.5,,0.1,0.2,0.3,0.048,,-1.3,-1.4,-2.7,-0.1
21,9.8,0.544,0.153,15.5,,0.3,1.7,2,0.07,,-2.4,0.1,-2.4,-0.1
22,11.6,0.588,0.244,11.7,,2.8,0.9,3.7,0.09,,-2,0.1,-1.9,0.1
23,12,0.534,0.223,16.6,,1.3,1.2,2.5,0.052,,-0.7,-0.6,-1.3,0.4
23,10.5,0.525,0.189,13.8,,0.2,0.5,0.6,0.035,,-1.1,0,-1.1,0.2
23,13,0.538,0.238,18.2,,1.1,0.8,1.9,0.062,,-0.5,-0.9,-1.4,0.2
24,15.7,0.616,0.309,17.2,,5,1.9,6.9,0.146,,1.1,-0.7,0.5,1.4
25,20.5,0.608,0.217,21.2,,4.1,1.7,5.8,0.128,,1.3,-1.1,0.2,1.2
26,11.7,0.57,0.179,16.8,,0.9,0.3,1.2,0.073,,-2.1,-1.6,-3.7,-0.3
27,18.9,0.562,0.371,24.2,,2,1.6,3.6,0.11,,0.5,-1.5,-1,0.4
28,2.5,0.309,0.3,7.8,,-0.2,0.1,-0.1,-0.034,,-7.7,0.7,-7,-0.2
28,4.4,0.376,0.375,8.6,,0,0,0,0.002,,-7.7,1.1,-6.6,-0.1
28,-2,0,0,5.7,,-0.1,0,-0.1,-0.12,,-7.9,0,-7.9,-0.1
29,1.3,0.396,0.333,23.3,,-0.4,0.1,-0.3,-0.153,,-8.4,-1.9,-10.3,-0.2
30,11.7,0.487,0.105,16.9,,-0.2,1.7,1.6,0.052,,-1.6,1.3,-0.3,0.6
31,14.9,0.539,0.259,17.8,,0.3,1.4,1.7,0.106,,-2.8,1.4,-1.4,0.1
32,16.3,0.495,0.203,28.1,,0.4,0.6,1,0.064,,1.2,-1.8,-0.6,0.3
33,12.8,0.55,0.271,20.9,,2,1.6,3.6,0.068,,-0.2,-1.2,-1.4,0.4
33,13.1,0.538,0.276,23.7,,0.8,1.1,1.9,0.059,,0,-1.2,-1.2,0.3
33,12.3,0.578,0.258,16.3,,1.1,0.5,1.7,0.084,,-0.5,-1.2,-1.7,0.1
34,11,0.501,0.161,20,,0.1,1.1,1.2,0.049,,-1.1,-0.8,-1.8,0
35,9.6,0.489,0.197,14.1,,0,0.4,0.3,0.032,,-2.8,-0.6,-3.4,-0.2
36,11.9,0.581,0.158,13.2,,2,1.7,3.7,0.076,,-0.7,0.4,-0.3,1
37,8.5,0.431,0.122,17.6,,-0.2,0.2,0,-0.003,,-2.9,-1.7,-4.6,-0.4
38,14,0.567,0.278,15.2,,1.3,1.1,2.4,0.139,,-1.8,0.3,-1.5,0.1
39,11.9,0.507,0.253,22,,-0.7,1.4,0.7,0.021,,-2.5,0.2,-2.3,-0.1
40,20.8,0.581,0.278,28.4,,5.9,1.7,7.6,0.12,,3.8,-0.8,2.9,3.7
41,14.2,0.599,0.09,18.7,,2.9,1.6,4.5,0.115,,0.8,-0.7,0.1,1
42,15.9,0.532,0.255,29.5,,-0.1,0.4,0.2,0.039,,-1.9,0.5,-1.5,0
43,11.9,0.557,0.18,19.8,,1.4,1.1,2.5,0.065,,-0.5,-1.2,-1.7,0.1
44,12.9,0.531,0.214,13.7,,0.5,1.1,1.6,0.096,,-2.2,1.3,-0.9,0.2
45,10.8,0.508,0.221,17.2,,-0.9,1.7,0.9,0.022,,-3.3,0.8,-2.4,-0.2
46,9.5,0.521,0.274,13.4,,0,0.4,0.5,0.027,,-3.4,-0.8,-4.1,-0.5
47,2,0.362,0,12,,-0.2,0,-0.2,-0.054,,-5.6,-3.2,-8.8,-0.3
48,13,0.632,0.132,14.1,,2.6,1.5,4,0.118,,1.1,0.2,1.3,1.4
49,11.8,0.561,0.258,12.2,,2.8,2,4.8,0.108,,-0.3,1.2,0.9,1.5
50,19.2,0.64,0.55,14.1,,1.8,1,2.8,0.212,,0.1,1,1.2,0.5
51,14.4,0.602,0.583,12.7,,1.2,0.8,2,0.125,,-2.4,0,-2.5,-0.1
52,15.4,0.585,0.155,16.5,,2.7,1.9,4.5,0.122,,0.4,0.5,0.9,1.3
53,10.6,0.487,0.192,24.5,,-0.8,0.3,-0.5,-0.03,,-2.4,-2.7,-5.2,-0.7
54,19.3,0.577,0.243,22.9,,4.4,3.7,8.2,0.173,,1.9,1.2,3.1,2.9
55,10.2,0.51,0.123,12.2,,0.2,0.1,0.3,0.03,,-1.9,-1.8,-3.8,-0.2
56,14.1,0.53,0.188,22.3,,1.3,1.4,2.7,0.067,,-0.1,-0.6,-0.6,0.7
57,16.1,0.613,0.29,22.4,,3.9,2.8,6.8,0.126,,1.3,-0.6,0.7,1.7
58,13.4,0.523,0.083,14.5,,0.1,0.2,0.3,0.111,,-3.7,0.8,-2.9,0
59,12.7,0.595,0.167,13.8,,0.5,0.9,1.4,0.106,,-1.8,1.1,-0.7,0.2
60,6,0.24,0.455,15.7,,-0.3,0.2,-0.1,-0.059,,-7,2.2,-4.8,-0.1
61,20.2,0.584,0.362,32.9,,3.3,0.3,3.5,0.076,,3.3,-2.3,1,1.7
62,22.2,0.563,0.197,23.6,,0.2,0.4,0.7,0.194,,-0.2,2.8,2.6,0.2
63,7.6,0.496,0.082,16.2,,-0.6,1,0.3,0.009,,-2.8,-0.9,-3.7,-0.8
63,5.5,0.464,0.06,14.2,,-1,0.6,-0.3,-0.011,,-3.7,-0.9,-4.6,-1
63,14.5,0.565,0.133,22.9,,0.3,0.4,0.7,0.074,,0.1,-1,-0.9,0.1
64,19.6,0.504,0.125,23.6,,0,0.1,0.1,0.13,,-3.6,-2.4,-6,0
65,11.6,0.532,0.35,13.6,,0.4,0.6,1,0.095,,-2.9,1.6,-1.3,0.1
65,10.8,0.484,0.265,18.8,,-0.1,0.2,0.1,0.044,,-5.1,1.5,-3.6,-0.1
65,12,0.562,0.405,11.5,,0.5,0.4,0.8,0.115,,-2,1.6,-0.4,0.1
66,10.8,0.556,0.21,12.2,,1.7,1.2,2.9,0.058,,-2,0.4,-1.6,0.3
67,13.1,0.548,0.151,15.1,,1.4,1.5,2.9,0.083,,-0.9,0.1,-0.8,0.5
68,6.7,0.455,0.188,14.1,,-0.3,0.5,0.3,0.023,,-5.4,0.4,-5,-0.4
69,10.7,0.621,0.151,14.3,,0.5,0.3,0.8,0.086,,-0.5,-0.5,-1,0.1
70,17.8,0.614,0.203,20.7,,4.2,2.3,6.5,0.171,,2,0.1,2.2,1.9
71,7.6,0.499,0.246,20.9,,-0.3,0.3,0,-0.004,,-5,-1.2,-6.3,-0.4
72,11.6,0.518,0.195,23.6,,-0.2,0.3,0.1,0.018,,-1.9,-1.1,-3,-0.1
73,6.9,0.469,0.191,11.5,,-0.1,1.6,1.5,0.048,,-4.4,1,-3.3,-0.5
74,13.5,0.547,0.255,22.1,,0.7,2.4,3,0.076,,-1.6,-0.4,-2.1,0
75,6.3,0.38,0.042,17.9,,-0.5,0.3,-0.1,-0.027,,-5.4,1.9,-3.5,-0.1
76,10.9,0.563,0.135,15.2,,0.7,1.4,2.1,0.098,,-1.8,0.3,-1.5,0.1
77,11.1,0.487,0.201,16.5,,0.2,0.4,0.6,0.039,,-1.7,-1,-2.7,-0.1
78,12.8,0.549,0.212,19.1,,1.5,1,2.6,0.077,,-1.2,-0.5,-1.7,0.1
79,21,0.674,0.273,17.6,,4.3,1.3,5.6,0.178,,2.3,-0.3,2,1.5
80,10.5,0.563,0.143,15.8,,1.6,1.4,3.1,0.078,,-0.7,-0.4,-1.1,0.4
80,11,0.569,0.145,16.7,,1.4,1,2.4,0.084,,-0.1,-0.5,-0.6,0.5
80,9.1,0.545,0.137,13.7,,0.2,0.4,0.7,0.061,,-2.1,-0.1,-2.2,0
81,16.5,0.524,0.226,24.8,,1.4,0.5,1.9,0.081,,1.5,-1.4,0.1,0.6
81,15.6,0.496,0.209,26.1,,0.4,0.2,0.6,0.044,,0.9,-1.5,-0.6,0.2
81,17.9,0.574,0.258,22.8,,1,0.3,1.3,0.14,,2.3,-1.1,1.2,0.3
82,12.7,0.523,0.297,19,,0.7,0.8,1.5,0.052,,-0.6,-0.7,-1.2,0.3
82,12.4,0.547,0.333,23.2,,0.2,0.3,0.5,0.084,,-0.4,-0.2,-0.6,0.1
82,13.2,0.517,0.288,19.2,,0.6,0.3,0.9,0.042,,-0.2,-1.2,-1.4,0.1
82,9,0.495,0.25,8.5,,0,0.2,0.2,0.062,,-3.9,2.8,-1.1,0
83,7,0.47,0.146,16.3,,-0.2,0.3,0.1,0.027,,-4.9,0.6,-4.3,-0.1
84,20.2,0.571,0.404,22.3,,5.4,2.5,7.9,0.173,,2.8,0.9,3.7,3.2
84,22.3,0.579,0.389,23,,1,0.4,1.3,0.176,,4.7,2.2,6.9,0.8
84,19.8,0.569,0.407,22.1,,4.4,2.1,6.6,0.172,,2.4,0.7,3.1,2.4
85,12.4,0.571,0.222,15.9,,0.6,0.9,1.5,0.09,,-1.1,0.1,-1.1,0.2
86,7.1,0.453,0.092,10.9,,0,0.5,0.6,0.043,,-4.2,0.3,-3.9,-0.3
87,12.9,0.568,0.209,18.1,,2.3,1.8,4,0.095,,-0.3,-0.1,-0.5,0.8
88,8,0.518,0.146,14.2,,0,0.1,0.1,0.008,,-2.7,-1.4,-4.1,-0.3
88,7.3,0.515,0.155,14.2,,-0.1,0,-0.1,-0.007,,-3.3,-1.4,-4.6,-0.3
88,12.3,0.536,0.138,15.4,,0.1,0,0.2,0.079,,0.7,-2,-1.3,0
88,5.2,0.5,0,10.8,,0,0,0,0.03,,-3.3,-0.7,-4,0
89,23.8,0.658,0.357,18.2,,7.8,3,10.8,0.23,,3.3,-0.3,3,2.8
90,12.1,0.546,0.421,18.6,,1.5,1.6,3.1,0.088,,-0.9,-0.6,-1.5,0.2
91,7.8,0.432,0.173,18,,-0.7,0.7,0,-0.003,,-4.1,0.1,-4,-0.3
92,11.8,0.565,0.141,16.7,,1.2,0.7,1.9,0.07,,-0.4,-0.3,-0.7,0.5
93,15.2,0.541,0.302,19.1,,0.7,1.2,1.9,0.08,,-2.2,0.6,-1.6,0.1
94,14.7,0.458,0.431,19.4,,0.2,0.6,0.8,0.099,,-1.4,2.2,0.8,0.3
94,12.7,0.476,0.426,24.7,,0,0.2,0.1,0.044,,-2.8,1.2,-1.6,0
94,16.1,0.44,0.435,16.1,,0.2,0.4,0.6,0.134,,-0.5,2.9,2.4,0.3
95,13.9,0.569,0.37,19,,0.5,0.6,1,0.093,,-1,0.7,-0.2,0.2
96,15.7,0.606,0.36,18,,0.6,0.7,1.3,0.119,,-0.3,0.7,0.4,0.3
97,18,0.566,0.343,17.5,,3.8,2.9,6.7,0.146,,0.2,1.1,1.2,1.8
98,30.7,0.625,0,21.8,,0.1,0,0.1,0.347,,9.6,3.7,13.3,0.1
99,5,0.414,0.2,13,,0,0,0,0.026,,-5.3,-3.1,-8.4,-0.1
100,11.2,0.63,0.879,8.5,,0.9,1.2,2.1,0.114,,-2.9,0.8,-2.1,0
100,11.5,0.653,1.5,13,,0.1,0.1,0.2,0.092,,-4.8,0.2,-4.6,-0.1
100,11.2,0.626,0.793,8,,0.9,1.1,1.9,0.117,,-2.7,0.9,-1.8,0
101,8.5,0.537,0.092,11.8,,0.5,1,1.5,0.062,,-2.3,-0.5,-2.8,-0.2
101,9.1,0.561,0.087,11.2,,0.6,0.9,1.5,0.074,,-1.8,-0.2,-2,0
101,5.8,0.463,0.106,14.2,,-0.1,0.2,0,0.009,,-4.5,-1.6,-6.1,-0.2
102,2,0.333,0,16.2,,0,0,0,-0.08,,-8.5,-6,-14.6,0
103,7,0.375,0,11.8,,0,0,0,0.023,,-2.7,1.4,-1.3,0
104,9.2,0.455,0.25,20.6,,-0.6,0.4,-0.2,-0.023,,-5.7,-1.9,-7.5,-0.7
104,3.4,0.391,0.206,20.5,,-0.3,0.1,-0.2,-0.101,,-9.6,-1.7,-11.2,-0.2
104,10.7,0.47,0.26,20.7,,-0.3,0.2,0,-0.003,,-4.6,-1.9,-6.6,-0.5
105,9.2,0.48,0.046,10.9,,0.3,0.7,1,0.071,,-1.1,0.4,-0.7,0.2
106,8.3,0.502,0.097,19.3,,-0.4,0.3,-0.1,-0.003,,-3.3,-1.8,-5.1,-0.8
107,16.8,0.539,0.163,27.6,,1.9,-0.1,1.8,0.039,,2.1,-2.6,-0.5,0.8
108,21.8,0.627,0.32,23.7,,5,1,6,0.158,,2.8,-1.9,0.9,1.3
109,13.5,0.562,0.315,16.6,,1.4,1.5,2.9,0.104,,-1.5,0.3,-1.2,0.3
110,16.7,0.574,0.288,17.7,,3.9,2.9,6.8,0.153,,0.8,1,1.8,2.1
111,12.9,0.454,0.231,19.6,,0,0.2,0.2,0.085,,-2.6,-0.8,-3.5,0
112,21.4,0.569,0.363,27.3,,5.7,2.3,8,0.164,,4.6,0.1,4.7,3.9
113,13.6,0.573,0.114,13.3,,2,1.9,3.9,0.149,,0.3,0.8,1.2,1
114,13.1,0.565,0.059,20.2,,1,0.8,1.8,0.082,,-0.5,-1.6,-2.1,0
115,21.4,0.562,0.388,28.1,,0.9,1.5,2.4,0.151,,0.4,2.6,3,1
116,13.3,0.58,0.246,15.6,,0.9,1.6,2.5,0.1,,-0.5,2.1,1.6,1.1
116,11,0.578,0.197,14.2,,0,0.7,0.7,0.077,,-1.7,2.2,0.5,0.3
116,14.7,0.58,0.269,16.5,,0.9,0.9,1.8,0.114,,0.1,2.1,2.2,0.8
117,7.7,0.519,0.15,16.4,,-0.2,1,0.8,0.035,,-2.4,-0.4,-2.8,-0.2
118,10.4,0.547,0.193,12.4,,1.4,1.7,3,0.096,,-2,0.2,-1.9,0
119,11.7,0.522,0.251,20.8,,0.1,0,0.2,0.006,,-1.1,-2.8,-3.9,-0.6
120,20.2,0.55,0.438,17.6,,0.1,0,0.2,0.196,,2.4,1.1,3.5,0.1
120,21.5,0.573,0.7,15.3,,0.2,0,0.2,0.258,,3.7,2,5.7,0.1
120,16.3,0.5,0,24.5,,0,0,0,0.011,,-1.7,-1.3,-3,0
121,12.1,0.538,0.247,19.1,,1.3,3.1,4.4,0.097,,-0.3,0.6,0.3,1.2
122,10.2,0.585,0.114,8.9,,1,0.9,1.9,0.097,,-1.3,0.6,-0.6,0.3
123,11.4,0.595,0.112,16.6,,1.5,0.9,2.4,0.082,,-0.4,-0.7,-1,0.3
124,24.4,0.641,0.214,30.4,,7.2,2.5,9.7,0.199,,7.1,-0.5,6.6,5.1
125,9.8,0.558,0.084,17.6,,0.2,0.1,0.3,0.02,,-1.7,-2,-3.7,-0.3
126,30.3,0.597,0.422,29.5,,6.4,3.1,9.5,0.247,,7.1,2.3,9.4,5.3
127,15.6,0.682,0.455,10.1,,0.3,0.1,0.4,0.145,,-1.5,-0.6,-2,0
128,17.3,0.632,0.536,12.7,,3.3,2.5,5.7,0.191,,-0.6,0.7,0,0.7
129,0,0,0,40.7,,0,0,0,-0.471,,-9.6,-31.1,-40.7,0
130,16,0.602,0.215,16.7,,2.1,1.9,4,0.119,,-0.3,0.8,0.5,1
131,13.3,0.519,0.18,16.2,,0.6,0.5,1,0.064,,-1,-0.7,-1.8,0.1
131,14,0.544,0.208,14.9,,0.2,0.1,0.3,0.08,,-0.9,-0.1,-1.1,0
131,13.2,0.514,0.173,16.6,,0.4,0.4,0.8,0.059,,-1,-0.9,-1.9,0
132,4.3,0.255,0.4,16.5,,0,0,0,-0.055,,-7,-5,-12,0
133,11.1,0.532,0.215,17.9,,0.5,0,0.5,0.028,,-1.7,-2.8,-4.4,-0.5
133,7.5,0.482,0.211,13.7,,0,0.1,0.1,0.043,,-3.5,-0.6,-4.1,-0.1
133,11.5,0.537,0.215,18.4,,0.5,-0.1,0.4,0.026,,-1.4,-3,-4.5,-0.4
134,14.6,0.588,0.297,15.8,,0.5,0.3,0.8,0.101,,0.2,-0.3,0,0.2
135,19.6,0.542,0.336,27.9,,3.6,2.6,6.3,0.112,,1,0.1,1.1,2.2
136,19.4,0.653,0.152,24.4,,0.2,0,0.2,0.155,,2.6,-5.3,-2.7,0
137,17.5,0.644,0.247,16,,1.4,1.2,2.6,0.14,,-1.1,0.1,-0.9,0.2
138,10.1,0.497,0.358,16.6,,0.1,0.7,0.8,0.069,,-4.4,0.2,-4.2,-0.3
139,18.1,0.572,0.281,19.6,,1.5,1.3,2.8,0.132,,-0.3,0.9,0.6,0.7
140,16.3,0.58,0.43,24.9,,3.5,1.4,4.8,0.121,,1.4,-0.8,0.6,1.3
141,9.1,0.507,0.097,15.1,,0,0.6,0.6,0.069,,-2.8,0.6,-2.2,0
142,19.6,0.545,0.409,30.5,,2.1,2.8,4.9,0.101,,3.6,0.3,3.9,3.4
143,11.2,0.509,0.231,19.7,,0.2,0.4,0.6,0.043,,-1.4,-2.1,-3.5,-0.3
143,7.8,0.448,0.292,17.9,,-0.2,0.1,-0.1,-0.01,,-3.4,-1.5,-4.9,-0.2
143,13.1,0.541,0.2,20.7,,0.4,0.3,0.7,0.073,,-0.3,-2.4,-2.7,-0.1
144,10.8,0.526,0.14,17.3,,0.7,0.9,1.5,0.037,,-1.7,-0.9,-2.6,-0.3
145,16,0.434,0.095,18.5,,0.1,0.1,0.1,0.125,,-1.3,-0.6,-2,0
146,13.9,0.517,0.233,23.7,,0.6,1,1.6,0.079,,-0.5,-0.6,-1.1,0.2
147,23.4,0.555,0.392,22.9,,4.1,5.9,10,0.181,,1.3,0.8,2.1,2.7
148,7.8,0.554,0.192,10.4,,0.6,1.2,1.8,0.07,,-2.9,1.1,-1.8,0.1
149,12.4,0.484,0.136,20.1,,-0.5,1.2,0.6,0.022,,-2.8,0.2,-2.7,-0.2
150,24.2,0.631,0.366,29,,8.6,2.9,11.5,0.204,,5.4,0.1,5.5,5.1
151,38.3,0.833,0,20.9,,0.1,0,0.1,0.537,,19.1,5.3,24.4,0
152,3.8,0.375,0,10.9,,0,0,0,-0.014,,-1.6,-4.8,-6.4,0
153,13.1,0.538,0.263,19,,0.2,0.2,0.4,0.077,,-1,-0.5,-1.5,0
153,14.8,0.551,0.2,18.8,,0,0,0.1,0.149,,2.1,0.2,2.2,0
153,12.9,0.536,0.271,19,,0.1,0.2,0.3,0.07,,-1.4,-0.5,-1.9,0
154,11.8,0.569,0.107,17.2,,1.3,1.4,2.6,0.097,,-0.3,0.3,0,0.7
154,10.8,0.547,0.087,16.5,,0.4,0.6,1,0.091,,-0.7,0.9,0.2,0.3
154,12.5,0.584,0.121,17.7,,0.9,0.7,1.6,0.102,,0,-0.1,-0.1,0.4
155,26.1,0.593,0.541,33.3,,4.9,3.8,8.7,0.194,,4,0.9,4.9,3.8
156,11,0.59,0.276,12.7,,1.6,1,2.6,0.103,,-1.4,-0.2,-1.5,0.1
156,11.3,0.622,0.275,11.9,,1.4,0.8,2.2,0.112,,-1,0.1,-0.9,0.3
156,9.9,0.51,0.277,15.5,,0.2,0.2,0.4,0.071,,-2.6,-1.1,-3.7,-0.1
157,15.1,0.646,0.5,15.5,,0.1,0.2,0.3,0.12,,-1.9,0.7,-1.3,0
158,3.5,0.374,0.019,13.5,,-0.3,0.2,-0.1,-0.03,,-6.9,-1.2,-8.2,-0.3
159,0.1,0.214,0,13.2,,-0.2,0,-0.2,-0.151,,-10.4,0.1,-10.3,-0.1
159,0.7,0.231,0,12.7,,-0.2,0,-0.2,-0.139,,-9.8,0.5,-9.2,-0.1
159,-38.1,0,0,40.7,,0,0,0,-0.946,,-52.4,-29.1,-81.4,0
160,11.5,0.483,0.242,26.4,,-1.7,2,0.3,0.01,,-2.4,-0.3,-2.7,-0.2
161,11.2,0.516,0.357,21.3,,0.2,0.7,1,0.069,,-2,-0.1,-2.1,0
162,21.6,0.622,0.374,20.3,,2.1,0.9,2.9,0.193,,1.3,-1.5,-0.2,0.3
162,20.5,0.622,0.381,19.6,,0.2,0.2,0.4,0.168,,1.5,-1.1,0.4,0.1
162,21.8,0.622,0.372,20.4,,1.8,0.7,2.5,0.198,,1.3,-1.6,-0.4,0.3
163,21.8,0.624,0.368,19.4,,4.4,3.5,7.9,0.215,,1.8,1.5,3.3,2.4
164,13.4,0.568,0.408,14.3,,0.9,0.4,1.4,0.088,,-2,-2.1,-4.1,-0.4
165,11.2,0.505,0.096,16.6,,0.3,0.4,0.7,0.087,,-1.7,0.4,-1.3,0.1
166,6.4,0.566,0.118,10.6,,1.2,1.6,2.8,0.07,,-3.9,0.1,-3.8,-0.9
167,12.7,0.55,0.19,16.3,,1.3,0.6,1.9,0.087,,-1,-0.4,-1.4,0.2
168,11,0.53,0.195,14,,1.2,2,3.3,0.079,,-1.8,0.4,-1.4,0.3
169,12,0.586,0.099,17.4,,2.5,1.3,3.8,0.079,,-0.3,-0.9,-1.2,0.5
170,12.3,0.536,0.159,22.1,,0.8,2.5,3.2,0.061,,-1.8,-0.6,-2.4,-0.3
171,18.1,0.544,0.378,24.5,,3.2,2.5,5.6,0.106,,1.3,0.2,1.5,2.3
172,1.2,0.33,0.19,23.5,,-0.2,0,-0.1,-0.133,,-11.3,-3.2,-14.5,-0.1
173,11.7,0.544,0.207,13.3,,1.3,0.7,2,0.084,,-1.4,-0.4,-1.8,0.1
173,11.6,0.552,0.21,12.3,,1.1,0.4,1.5,0.081,,-1.2,-0.2,-1.3,0.2
173,11.8,0.523,0.197,17.4,,0.2,0.3,0.4,0.097,,-2.4,-1.2,-3.6,-0.1
174,3.6,0.348,0.207,24.2,,-0.2,0,-0.2,-0.166,,-8.4,-2.9,-11.3,-0.2
175,8.9,0.524,0.12,17.5,,0.1,0,0.1,0.016,,-1.7,-1.8,-3.5,-0.1
176,10.5,0.452,0.239,19.3,,-0.1,0.4,0.3,0.035,,-3.3,0.2,-3.1,-0.1
177,21,0.633,0.459,23.8,,6.4,1.8,8.2,0.191,,4.9,-0.5,4.3,3.3
178,10.7,0.534,0.164,16.1,,2.1,1.3,3.4,0.094,,-0.9,-0.6,-1.5,0.2
179,9.8,0.452,0.148,20.9,,0,0,0,-0.019,,-3.9,-1.7,-5.5,-0.1
180,16.7,0.546,0.291,20.7,,2,4,6,0.118,,0.8,2.3,3.1,3.1
180,16.9,0.541,0.294,22.3,,1,2.8,3.9,0.104,,1.1,2.1,3.2,2.3
180,16,0.565,0.278,16.3,,0.9,1.2,2.1,0.157,,0.1,2.8,2.9,0.8
181,16.7,0.529,0.426,15.6,,0.5,0.5,1.1,0.142,,1,2.1,3.1,0.5
181,18,0.544,0.432,15.8,,0.6,0.5,1.1,0.16,,1.6,2.3,3.9,0.5
181,1.7,0.291,0.333,12.4,,-0.1,0.1,0,-0.063,,-5.3,0.6,-4.7,0
182,17.5,0.583,0.197,22.1,,2.2,2.2,4.4,0.115,,0.8,0.6,1.4,1.6
183,23.3,0.583,0.335,29.5,,7,4.9,11.9,0.201,,5.6,1.6,7.2,6.6
184,17.8,0.612,0.33,17.2,,3.7,1.4,5.1,0.144,,0.3,-0.4,-0.1,0.8
185,14.4,0.526,0.261,23.2,,0,1,1,0.056,,-3.4,0.4,-3,-0.2
186,13.4,0.554,0.272,18.3,,1.5,1.9,3.3,0.074,,-0.9,0.4,-0.5,0.8
187,24.6,0.682,0.733,17.8,,8.7,5.7,14.4,0.268,,3,2.5,5.4,4.8
188,8.3,0.413,0.478,23.1,,0,0,0,0.021,,-4.7,-4.8,-9.5,-0.1
189,15.1,0.538,0.242,21.8,,1.8,3.3,5.1,0.093,,0.3,0.3,0.6,1.7
190,12.2,0.549,0.162,22,,1.7,1,2.6,0.059,,0.5,-1.8,-1.3,0.4
191,12.8,0.562,0.258,14.4,,0.6,0.8,1.4,0.089,,-1.7,0.4,-1.3,0.1
192,10.3,0.459,0.213,17,,0.2,0.3,0.5,0.035,,-2.6,-1.3,-4,-0.3
193,6.1,0.458,0.115,12.8,,-0.1,0.6,0.5,0.033,,-3.7,0,-3.7,-0.3
194,13.8,0.592,0.269,15.4,,4,3.3,7.3,0.134,,-0.4,0.6,0.2,1.5
195,10.8,0.526,0.182,13.4,,0.5,1.1,1.7,0.085,,-2.9,1.3,-1.6,0.1
196,-38.1,0,0,40.7,,0,0,0,-0.946,,-23.6,-14,-37.6,0
197,13,0.632,0.07,14.1,,3,2.9,5.9,0.128,,1.1,0.8,2,2.2
198,12.9,0.526,0.216,13.1,,1.1,3.2,4.3,0.1,,-1.3,2.7,1.4,1.8
199,11.4,0.555,0.118,19.5,,0.9,1,1.9,0.061,,-0.2,-1.5,-1.7,0.1
200,14.7,0.587,0.212,19.4,,0.9,1.9,2.9,0.101,,-1.3,-0.4,-1.7,0.1
200,14.9,0.58,0.256,20.4,,0.4,1.4,1.8,0.094,,-1.8,0,-1.8,0.1
200,14.3,0.6,0.128,17.6,,0.5,0.6,1.1,0.113,,-0.3,-1.2,-1.5,0.1
201,13.6,0.608,0.3,17.8,,2.8,0.8,3.6,0.083,,0,-1.4,-1.4,0.3
202,21,0.581,0.41,30.2,,5.1,2.9,8,0.147,,4.9,0.2,5.1,4.7
203,7.1,0.455,0.1,15.7,,-0.2,0.1,-0.1,-0.024,,-3.6,-0.5,-4.1,-0.1
204,4.5,0.311,0.167,23.9,,-0.1,0,-0.1,-0.125,,-6.5,-3.2,-9.7,-0.1
205,13.6,0.527,0.278,25.4,,1,0.9,1.8,0.043,,-0.1,-2,-2,0
205,14.4,0.531,0.321,25.9,,1,0.5,1.5,0.048,,0.4,-1.9,-1.6,0.2
205,11.6,0.514,0.161,23.9,,0,0.4,0.4,0.03,,-1.2,-2,-3.2,-0.2
206,30.6,0.616,0.449,40.5,,11.4,3.8,15.2,0.254,,9.4,1.6,11,9.3
207,13.2,0.547,0.188,13.9,,1.5,1.9,3.4,0.114,,-1,1.7,0.7,1
208,23.4,0.636,0.466,23.5,,6.1,2.6,8.7,0.193,,2.6,0.7,3.3,2.9
209,10.7,0.527,0.386,18.5,,0.6,0.9,1.5,0.068,,-2.6,0.4,-2.2,-0.1
210,12.2,0.526,0.226,20,,1.1,1.5,2.6,0.076,,-1.2,-0.4,-1.6,0.2
211,13.5,0.645,0.178,17,,3.8,1.7,5.5,0.116,,0.8,-0.3,0.5,1.4
212,17.2,0.592,0.245,22.8,,4.5,2.6,7.1,0.12,,2.1,-0.5,1.6,2.6
212,18.2,0.605,0.256,23.5,,3.2,1.8,5,0.127,,2.7,-0.2,2.4,2.1
212,15.3,0.562,0.221,21.3,,1.2,0.9,2.1,0.105,,0.9,-1,-0.1,0.5
213,5.8,0.443,0.34,16.8,,-0.1,0,-0.1,-0.027,,-5.8,-1.2,-7.1,-0.2
213,4.6,0.5,0,17.9,,0,0,0,-0.013,,-11.2,-4.2,-15.4,0
213,6.6,0.467,0.41,17,,-0.1,0,-0.1,-0.022,,-5.6,-0.6,-6.2,-0.2
213,3.1,0.349,0.167,16.1,,0,0,0,-0.051,,-6,-3.2,-9.2,-0.1
214,12.4,0.494,0.289,16.5,,-0.1,1.6,1.4,0.048,,-2.8,1.5,-1.3,0.2
215,9.3,0.526,0.172,13.5,,0.2,1.9,2.1,0.059,,-2.3,1,-1.3,0.3
216,10,0.562,0.341,11.8,,0.2,0.3,0.5,0.101,,-5.1,1.2,-3.9,-0.1
217,3.6,0.36,0.121,21.9,,-0.2,0.1,-0.1,-0.075,,-8.4,-2.4,-10.9,-0.2
218,15.6,0.575,0.294,19,,2.6,2.3,4.9,0.126,,0.4,0.4,0.8,1.3
219,17.1,0.553,0.149,18.6,,0.1,0.4,0.6,0.146,,0.4,2.1,2.5,0.2
220,11,0.58,0.274,12.2,,1.6,1.4,3,0.105,,-0.9,-0.2,-1.1,0.3
221,20.4,0.587,0.488,22.1,,1.8,0.8,2.6,0.153,,1.1,-1.1,-0.1,0.4
222,10.8,0.497,0.246,21.3,,-1.1,1.1,-0.1,-0.003,,-3.5,-0.3,-3.8,-0.5
223,17.4,0.588,0.625,15,,0.1,0,0.1,0.153,,-2.1,2.2,0.1,0
224,17.5,0.587,0.142,25.1,,4.3,1.6,5.9,0.108,,3.5,-1.4,2.1,2.7
225,4.5,0.414,0.2,12.4,,0,0,0,-0.023,,-5.8,-2.4,-8.2,-0.1
226,11.9,0.552,0.405,11.7,,0.8,0.6,1.4,0.123,,-3.1,0.9,-2.2,0
227,12.1,0.554,0.226,15.1,,1.5,1.3,2.8,0.103,,-1.9,0.5,-1.4,0.2
227,13.5,0.604,0.187,17.3,,0.5,0,0.5,0.066,,-0.7,-1.2,-2,0
227,11.6,0.534,0.242,14.4,,1,1.4,2.3,0.117,,-2.3,1.1,-1.2,0.2
228,6.8,0.497,0.18,10.4,,0.1,0.4,0.5,0.029,,-3.1,-0.4,-3.6,-0.3
229,11.9,0.518,0.191,21.9,,0.1,0.8,0.9,0.065,,-1.7,0.1,-1.6,0.1
230,19.4,0.555,0.234,25.4,,3.5,1.9,5.4,0.108,,3.1,-0.1,3,3.1
231,10,0.52,0.136,15.7,,-0.4,2.5,2.1,0.038,,-2.3,0.5,-1.8,0.1
231,11,0.531,0.117,15.2,,0.2,1.1,1.3,0.047,,-1.3,1.1,-0.3,0.6
231,8.9,0.509,0.157,16.3,,-0.6,1.4,0.8,0.029,,-3.3,-0.1,-3.4,-0.5
232,0,,,0,,0,0,0,-0.032,,-3.4,-1.6,-5,0
233,12.5,0.464,0.376,21.6,,-0.5,1.7,1.2,0.047,,-3,0.4,-2.6,-0.2
234,20.7,0.647,0.479,17.9,,3.1,1.1,4.3,0.173,,0.1,0.5,0.6,0.8
235,12.3,0.545,0.231,18.1,,2.1,0.5,2.6,0.065,,-1.2,-0.8,-2,0
235,13,0.542,0.251,19.1,,1.5,0,1.5,0.059,,-1,-1.1,-2.1,0
235,10.9,0.549,0.189,16.3,,0.6,0.5,1.1,0.077,,-1.7,-0.3,-2,0
236,20.2,0.605,0.131,18.9,,4.5,2.9,7.5,0.181,,3.3,1.9,5.1,3.6
237,12.2,0.646,0.282,14.1,,1.6,0.7,2.3,0.113,,0.1,-0.5,-0.5,0.4
238,17.4,0.638,0.696,19.6,,0.4,0.2,0.6,0.124,,-1.3,-1.7,-3,-0.1
239,10.1,0.533,0.085,15.7,,0.7,0.7,1.5,0.034,,-1.6,-0.8,-2.4,-0.2
240,3.4,0.357,0,15.2,,-0.1,0,-0.1,-0.047,,-6.2,-4.7,-11,-0.1
241,21.5,0.612,0.154,23,,0.1,0,0.1,0.226,,3.2,0.4,3.6,0
242,8.8,0.507,0.182,12.2,,0,0.6,0.6,0.03,,-3.4,-0.5,-3.9,-0.4
243,18.7,0.582,0.202,22.9,,2.8,3.3,6.1,0.146,,0.2,0.1,0.2,1.2
244,13.1,0.587,0.222,10.4,,2.4,1.8,4.2,0.129,,0.1,1.7,1.8,1.5
245,11.6,0.548,0.194,15.7,,1.2,1.9,3,0.119,,-2.4,0.1,-2.3,-0.1
246,13.4,0.581,0.153,17.5,,2.5,3.6,6,0.113,,0.3,1.1,1.4,2.2
247,-11.9,0,0,19.3,,-0.1,0,-0.1,-0.408,,-14.8,-4.8,-19.6,-0.1
248,13.4,0.555,0.396,23.2,,0.6,1.4,2,0.055,,-1.3,-0.7,-2,0
249,24.3,0.592,0.197,29.6,,6.2,2.9,9.1,0.197,,6,1.1,7.2,5.1
250,13,0.537,0.221,16.3,,0.9,3.1,4,0.096,,-1.4,1,-0.4,0.8
251,8.7,0.531,0.376,12.8,,0.5,1.4,1.9,0.073,,-3.8,0.6,-3.2,-0.4
252,21,0.656,0.267,19.1,,0.2,0,0.2,0.231,,3.6,0.9,4.5,0.1
253,9.4,0.517,0.163,18.5,,0.1,0.4,0.4,0.018,,-2.9,-1.7,-4.6,-0.8
254,16.4,0.591,0.334,22.8,,1.2,2.2,3.3,0.105,,-1.2,1,-0.3,0.7
255,10.6,0.487,0.253,23.9,,-2.8,1.1,-1.7,-0.04,,-3.3,-1.2,-4.6,-1.3
256,11.3,0.561,0.163,14.3,,2,0.9,2.9,0.086,,-0.8,-0.8,-1.6,0.2
256,10.1,0.546,0.169,12.9,,1,0.6,1.6,0.072,,-1.3,-0.5,-1.9,0
256,13.9,0.584,0.153,17,,1,0.3,1.3,0.114,,0.4,-1.4,-1,0.1
257,15.2,0.547,0.225,24.5,,3.1,1.9,5,0.105,,1.3,-0.9,0.4,1.4
258,25.6,0.588,0.382,31.6,,4.7,2.6,7.2,0.179,,6.4,1.7,8,4.9
259,21.1,0.692,0.5,13.1,,0.2,0.1,0.4,0.258,,0.5,2,2.5,0.1
260,9.7,0.536,0.171,15.7,,0.2,0,0.2,0.031,,-1,-2.4,-3.4,-0.1
260,20.5,1.5,0,6.1,,0.1,0,0.1,0.202,,7.6,-1,6.6,0
260,9.3,0.518,0.175,16.1,,0.2,0,0.2,0.024,,-1.4,-2.5,-3.9,-0.2
261,13.5,0.588,0.225,15.2,,2.1,1.2,3.3,0.13,,-0.3,-0.4,-0.7,0.4
262,6.3,0.333,0.5,13.3,,-0.1,0.1,0,0.027,,-5.7,-2,-7.7,-0.1
263,13.1,0.574,0.261,17.4,,0.4,0.7,1.1,0.098,,-2.9,0.6,-2.3,0
264,12.8,0.609,0.111,17.4,,0,0,0.1,0.066,,-2.3,-2,-4.3,0
264,14,0.622,0.125,17.9,,0,0,0.1,0.076,,-1.5,-1.4,-2.9,0
264,3.7,0.5,0,13.8,,0,0,0,-0.008,,-8.4,-5.7,-14.1,0
265,10.9,0.522,0.185,17.8,,0,1.5,1.5,0.062,,-2.4,1.1,-1.2,0.2
266,9.6,0.485,0.145,19.4,,-1.1,1.6,0.5,0.021,,-3.1,0.9,-2.2,0
266,9.8,0.482,0.146,19.1,,-0.7,1.4,0.7,0.034,,-2.9,1.3,-1.6,0.1
266,8.9,0.496,0.143,20.4,,-0.3,0.2,-0.1,-0.028,,-3.9,-0.5,-4.5,-0.2
267,12.4,0.532,0.241,18.5,,0.9,1.4,2.3,0.071,,-0.7,0.3,-0.4,0.6
267,12.3,0.54,0.219,19.2,,0.5,1.3,1.8,0.075,,-0.7,0.6,-0.1,0.5
267,12.8,0.506,0.312,16.5,,0.4,0.1,0.5,0.06,,-0.5,-0.6,-1,0.1
268,5.5,0.469,0.148,12,,-0.3,0.3,0,0.001,,-4.3,-0.5,-4.8,-0.4
268,6.9,0.517,0.102,11.3,,0,0.2,0.3,0.032,,-3.4,0.3,-3.1,-0.1
268,2,0.372,0.25,13.6,,-0.3,0,-0.2,-0.075,,-6.5,-2.4,-8.9,-0.3
269,26.3,0.589,0.292,27.4,,7.5,4.3,11.8,0.226,,6.2,2.9,9.1,7
270,15.3,0.72,0.5,11.1,,1,0.5,1.5,0.173,,-0.6,1.7,1.1,0.3
271,14,0.559,0.377,15.6,,1.2,1.7,2.9,0.121,,-1.5,1,-0.5,0.4
272,11.7,0.548,0.435,16.7,,0.2,0.1,0.3,0.056,,-2.3,-1.9,-4.3,-0.1
273,12.1,0.398,0.061,11.3,,0,0.2,0.2,0.084,,-2.2,2.4,0.2,0.1
274,-15.8,0.225,0.25,47.2,,-0.1,0,-0.1,-0.661,,-24.7,-6.4,-31.1,0
275,13.7,0.491,0.155,14.1,,2.1,0.9,3,0.091,,-0.9,0.3,-0.6,0.6
276,19,0.674,0.592,15,,4,3.1,7.1,0.167,,0.8,1.3,2.1,2.1
276,18,0.672,0.613,14.4,,2.7,2.5,5.3,0.162,,0.4,1.3,1.7,1.4
276,22.1,0.681,0.537,16.8,,1.3,0.6,1.9,0.181,,2.2,1.3,3.4,0.7
277,11,0.474,0.078,13.7,,0.5,2.9,3.5,0.081,,-2.1,1.7,-0.4,0.9
278,16.8,0.587,0.359,22.1,,1.3,0.5,1.8,0.114,,1.4,-1.1,0.3,0.4
279,22.3,0.594,0.288,23.1,,3.9,1.6,5.4,0.159,,2.5,-1.5,1,1.2
279,21.8,0.585,0.276,22.9,,2.4,0.9,3.4,0.143,,2.5,-1.6,0.8,0.8
279,23.5,0.614,0.316,23.4,,1.5,0.6,2.1,0.196,,2.6,-1.3,1.3,0.4
280,11.9,0.56,0.117,18.1,,1.3,1.3,2.5,0.085,,-0.4,-0.6,-1.1,0.3
281,13.3,0.553,0.37,15.7,,1.5,1,2.5,0.1,,-2.3,-0.1,-2.4,-0.1
282,1.9,,,0,,0,0,0,-0.001,,-5.8,-2.1,-7.9,0
283,13.1,0.579,0.192,13.5,,1.6,1.8,3.5,0.111,,-0.8,1.2,0.4,0.9
284,8.9,0.484,0.131,18.1,,-0.1,0,0,-0.002,,-3.5,-2,-5.4,-0.6
284,0.8,0.347,0.234,20.9,,-0.3,0,-0.3,-0.113,,-9.5,-2.9,-12.4,-0.3
284,10.5,0.515,0.108,17.6,,0.3,0,0.2,0.019,,-2.3,-1.8,-4.1,-0.3
285,8.7,0.475,0.247,22.3,,-2.2,0.9,-1.3,-0.03,,-3.4,-2.3,-5.7,-2
286,11.5,0.528,0.18,17.9,,0.4,0.7,1.1,0.079,,-1.6,-0.2,-1.8,0
287,14.8,0.531,0.163,17.9,,0.6,0.7,1.4,0.083,,1.4,0.7,2.1,0.8
288,11.2,0.582,0.151,18.5,,1,1.3,2.3,0.082,,-0.2,-0.3,-0.5,0.5
288,11.3,0.65,0.211,17.4,,0.2,0,0.2,0.043,,0.6,-1.3,-0.7,0.1
288,11.2,0.569,0.14,18.7,,0.8,1.3,2,0.091,,-0.4,0,-0.4,0.4
289,12.3,0.477,0.157,15.7,,0,0.7,0.7,0.063,,-3.6,0.2,-3.4,-0.2
290,11,0.545,0.205,18.4,,0.1,1.5,1.6,0.059,,-2.9,0.3,-2.6,-0.2
291,14,0.546,0.23,23.8,,1.2,1.9,3.1,0.065,,-0.2,-1.2,-1.4,0.4
292,12.6,0.593,0.347,16,,0.1,0.2,0.3,0.089,,-2.9,-0.1,-3,0
292,7,0.517,0.367,15.3,,-0.1,0.1,0,0.018,,-5.6,-0.8,-6.4,-0.1
292,22.6,0.716,0.316,17.2,,0.2,0.1,0.3,0.216,,1.7,1.2,3,0.1
293,17.3,0.552,0.266,22.5,,3.3,2,5.3,0.113,,1.2,0,1.2,1.8
294,18.7,0.574,0.33,30.5,,1.7,1.1,2.8,0.062,,2.4,-1.6,0.8,1.5
295,13.5,0.594,0.167,15.9,,1.9,1.2,3.1,0.111,,-0.1,-0.3,-0.5,0.5
296,16.9,0.572,0.169,17.5,,0.9,0.7,1.6,0.148,,0.3,-0.6,-0.3,0.2
297,10.3,0.492,0.163,15.3,,0.1,0.4,0.4,0.05,,-3.4,0.8,-2.5,-0.1
297,13.7,0.527,0.298,15.5,,0.2,0.1,0.3,0.087,,-1.8,1.1,-0.8,0
297,8.3,0.47,0.085,15.1,,-0.1,0.3,0.2,0.028,,-4.3,0.7,-3.6,-0.1
298,11.9,0.578,0.173,16.8,,0.3,0.4,0.7,0.09,,-1.2,-1.1,-2.2,0
299,16.3,0.468,0.126,26.6,,-0.1,0.2,0.1,0.026,,-2.4,0.2,-2.2,0
300,17.2,0.575,0.333,22.1,,2.2,1,3.2,0.1,,0,-1.3,-1.2,0.3
301,25.8,0.606,0.377,30.3,,6.1,3.4,9.5,0.224,,6.1,1.1,7.2,4.7
302,15.8,0.675,0.211,14.8,,2.1,0.9,3,0.164,,1.5,0.3,1.8,0.8
303,13.2,0.616,0.274,16.1,,0.4,0.5,0.9,0.11,,-2.8,0.4,-2.5,0
304,14.9,0.509,0.255,24,,0.5,1.2,1.7,0.077,,-0.3,0.5,0.2,0.6
305,23.7,0.588,0.335,29.3,,9.7,2.4,12.1,0.205,,6.6,-0.3,6.4,6
306,13.5,0.558,0.388,21.8,,1.2,0.9,2.1,0.07,,-1.4,-0.9,-2.2,-0.1
306,15.9,0.594,0.435,22.6,,1.5,0.4,1.9,0.092,,0.3,-1,-0.6,0.3
306,8.2,0.464,0.271,19.8,,-0.3,0.5,0.2,0.02,,-5.4,-0.6,-6,-0.4
307,11.7,0.555,0.243,12,,1.2,0.9,2,0.101,,-1.7,0.7,-1,0.2
308,-10,0,0,21.6,,-0.1,0,0,-0.447,,-17.4,6,-11.5,0
309,17.3,0.636,0.303,12.8,,4.2,1.8,6,0.194,,0.1,0.4,0.5,0.9
310,14.6,0.597,0.169,16.7,,2.3,4.3,6.7,0.138,,0.4,1.8,2.2,2.4
311,15.9,0.598,0.23,18.6,,2,0.7,2.7,0.081,,-0.6,-1.4,-1.9,0
312,19.5,0.561,0.403,27.4,,1,0.4,1.3,0.106,,3.3,-1.6,1.6,0.6
313,16.5,0.562,0.263,19.6,,3.6,3,6.6,0.144,,1.7,0.6,2.3,2.4
314,16.3,0.635,0.611,19.4,,0.2,0,0.2,0.19,,0,-0.9,-1,0
315,16.6,0.532,2,13.5,,0,0,0,0.238,,-5.6,6.4,0.8,0
316,8,0.489,0.188,16.6,,-0.3,0.5,0.2,0.015,,-4.1,-1.1,-5.2,-0.5
316,3.4,0.383,0.14,16.8,,-0.2,0.1,-0.1,-0.033,,-7,-0.1,-7.1,-0.2
316,9,0.515,0.2,16.5,,0,0.3,0.3,0.026,,-3.4,-1.3,-4.7,-0.4
317,9.3,0.595,0.167,10.6,,0.1,0.1,0.2,0.086,,-2.8,-1.4,-4.2,-0.1
318,12.7,0.5,0.234,23.4,,-0.2,1.4,1.2,0.05,,-1.8,-0.7,-2.4,-0.1
319,22.2,0.776,0.167,14,,0.1,0,0.1,0.281,,2.9,2.7,5.5,0
320,10.4,0.489,0.208,18.1,,-0.2,1.1,0.9,0.034,,-2.7,-0.4,-3,-0.3
320,11,0.499,0.193,18,,0.1,1,1.1,0.045,,-2.3,-0.3,-2.5,-0.1
320,-6.6,0.251,0.643,22.5,,-0.3,0,-0.3,-0.304,,-14,-3.9,-17.9,-0.2
321,5.5,0.482,0.259,17.2,,-0.1,0,0,-0.022,,-5.3,-2.6,-7.9,-0.1
322,5.7,0.333,0,22.8,,0,0,0,-0.11,,-4.7,-2.9,-7.7,0
323,12,0.531,0.587,12.9,,0.5,0.5,1,0.092,,-3.5,0.6,-3,-0.1
324,11.3,0.53,0.313,14.8,,0.5,1.5,2,0.099,,-2.2,1,-1.2,0.2
324,12.9,0.546,0.276,16.3,,0.4,0.7,1.1,0.132,,-1.3,1.3,0,0.2
324,10.2,0.514,0.351,13.7,,0.1,0.8,0.9,0.075,,-2.9,0.8,-2.1,0
325,24.2,0.664,0.504,23.3,,2.1,0.9,3,0.212,,2.8,0.3,3.2,0.9
325,24.9,0.666,0.679,24.6,,1.2,0.5,1.7,0.217,,2.6,0.4,3.1,0.5
325,23.3,0.663,0.3,21.7,,0.9,0.4,1.3,0.204,,3,0.3,3.3,0.4
326,17.1,0.553,0.245,25.1,,1.3,1.5,2.7,0.078,,1.4,-1.5,-0.2,0.7
327,9.4,0.528,0.106,15.9,,0.1,0.4,0.5,0.073,,-3.7,-0.2,-3.9,-0.2
328,12.4,0.502,0.337,21.8,,0,0.3,0.3,0.033,,-1.9,-1.3,-3.1,-0.1
329,5.7,0.25,0,13.2,,0,0,0,-0.026,,-7.5,-1.6,-9.2,0
330,10.3,0.546,0.234,17.8,,1.1,1.5,2.7,0.062,,-1.4,-0.5,-1.8,0.1
330,11.3,0.556,0.235,18.9,,1,0.8,1.8,0.066,,-0.8,-0.5,-1.3,0.2
330,2.9,0.33,0.263,18.4,,-0.1,0,-0.1,-0.115,,-5.3,-1.3,-6.6,-0.1
330,9.2,0.543,0.229,15.8,,0.3,0.7,1,0.067,,-2,-0.4,-2.4,-0.1
331,6.7,0.495,0.278,15.4,,0,0,0,0.009,,-2.9,0,-3,0
332,9.6,0.581,0.333,18.1,,0,0,0,0.055,,-6,-0.6,-6.6,0
333,7.5,0.532,0.238,9.4,,0,0.5,0.5,0.065,,-4.8,1.9,-3,-0.1
333,-0.7,0.278,0,9.9,,-0.2,0,-0.2,-0.137,,-7.8,-3.2,-11,-0.1
333,8.7,0.569,0.278,9.3,,0.2,0.5,0.7,0.096,,-4.4,2.7,-1.7,0
334,17,0.553,0.154,25.5,,4,1.7,5.6,0.114,,2.1,-1,1,1.8
335,13.4,0.555,0.088,15,,1.2,1.7,2.9,0.094,,-1.8,0.9,-0.9,0.4
336,11.6,0.617,0.187,16.3,,1.8,1.1,2.9,0.103,,-0.5,-0.9,-1.4,0.2
337,21.8,0.634,0.237,20.2,,3,2.9,5.9,0.171,,0.3,1.2,1.4,1.4
338,9.4,0.51,0.156,15.4,,0.4,1.6,1.9,0.059,,-2.2,-0.1,-2.3,-0.1
339,11.2,0.569,0.175,13.9,,1.2,0.9,2.1,0.1,,-2.2,-1.3,-3.5,-0.4
340,10.5,0.541,0.188,19.4,,0.1,0.1,0.2,0.055,,-2.1,-1.4,-3.5,-0.1
341,14.3,0.55,0.269,20.4,,0.3,0.2,0.5,0.066,,-0.9,-0.8,-1.7,0
342,16,0.647,0.026,17.1,,0.2,0.1,0.3,0.153,,1.4,-0.8,0.5,0.1
343,16.1,0.559,0.286,15.8,,0.5,0.6,1.1,0.136,,-1.1,1.9,0.8,0.3
344,9.9,0.466,0.109,15,,-0.8,0.8,0,0.002,,-3.8,1.1,-2.7,-0.2
345,6.4,0.389,0.293,24.4,,-0.5,0.2,-0.3,-0.099,,-7.3,-1.4,-8.7,-0.2
346,16.5,0.558,0.225,25.1,,2.5,3.6,6.1,0.123,,0.7,0.1,0.8,1.7
347,9,0.504,0.186,18.6,,-0.2,0.9,0.7,0.041,,-2.4,-0.5,-2.9,-0.2
347,8,0.484,0.214,18.8,,-0.3,0.7,0.4,0.035,,-3.2,-0.4,-3.6,-0.2
347,10.8,0.544,0.133,18.3,,0.1,0.3,0.3,0.054,,-0.8,-0.8,-1.5,0
348,8.4,0.55,0.147,13.4,,1.1,0.6,1.6,0.045,,-2.1,-0.8,-2.9,-0.4
349,13.7,0.63,0.154,18.5,,0.1,0.1,0.2,0.13,,1.2,-1.6,-0.5,0
350,13.2,0.572,0.155,18.5,,2.2,1.2,3.5,0.087,,0.4,-0.8,-0.3,0.8
351,17.9,0.57,0.374,19.6,,3.2,2.9,6.1,0.155,,0.7,1,1.7,1.8
352,9.3,0.483,0.08,15,,0.1,0.3,0.3,0.059,,-2.6,-0.6,-3.2,-0.1
353,17.2,0.584,0.229,21.4,,2,1.4,3.5,0.133,,2.1,-0.6,1.5,1.1
353,17.5,0.591,0.248,21.7,,1.6,0.9,2.5,0.129,,2.3,-0.9,1.4,0.8
353,16.2,0.562,0.17,20.4,,0.4,0.6,1,0.147,,1.6,0.4,2,0.3
354,17.2,0.537,0.259,31.6,,1.3,3.7,5,0.092,,1.2,0.1,1.3,2.2
355,2.2,0.383,0.1,14.7,,-0.2,0.1,-0.1,-0.046,,-7.1,-1.6,-8.7,-0.1
356,11.8,0.518,0.174,24.6,,-0.4,0.7,0.3,0.012,,-1.3,-1.7,-3,-0.3
357,16,0.521,0.381,22.6,,0.4,0.7,1.1,0.108,,-2,-1.3,-3.2,-0.1
357,13.5,0.487,0.379,22.2,,-0.1,0.7,0.6,0.071,,-3.5,-1.4,-5,-0.3
357,60.2,0.6,0,43.1,,0.1,0,0.1,0.534,,28,-2.8,25.2,0
357,31.7,0.736,0.478,23.2,,0.4,0,0.4,0.37,,7.8,0.4,8.2,0.1
358,11.5,0.567,0.111,17.3,,1.2,0.5,1.7,0.055,,-1.2,-1.1,-2.3,-0.1
359,6.7,0.5,0,12,,-0.1,0.1,0,0.032,,-6.7,2,-4.7,0
359,3.9,,,0,,0,0,0,0.077,,-6.3,0.2,-6.1,0
359,7.1,0.5,0,13.6,,-0.1,0.1,0,0.026,,-6.7,2.3,-4.5,0
360,12.2,0.46,0.2,17.2,,0,0.1,0.1,0.084,,-3.7,3.3,-0.4,0
361,14.2,0.568,0.205,20.9,,2.1,2.5,4.5,0.104,,-0.2,-0.7,-0.9,0.6
362,11.7,0.521,0.19,19.1,,0.6,1.1,1.6,0.061,,-2.1,-0.6,-2.7,-0.2
362,12.3,0.543,0.223,19.5,,0.4,0.5,0.9,0.051,,-1.8,-0.9,-2.7,-0.2
362,10.4,0.475,0.122,18,,0.2,0.5,0.7,0.083,,-2.8,0.1,-2.8,-0.1
363,16.2,0.577,0.115,17.1,,4.4,1.8,6.2,0.151,,1.1,0.3,1.5,1.7
364,-0.5,0.436,0.333,33.5,,-0.1,0,-0.1,-0.246,,-19.4,-2.3,-21.7,-0.1
365,18.9,0.563,0.548,28.8,,0.1,0.2,0.3,0.092,,-1.2,-0.7,-1.9,0
366,14.6,0.531,0.251,25.6,,0.1,0.7,0.8,0.023,,-0.2,-1.8,-2,0
367,16,0.538,0.19,24.9,,2.8,2.3,5.1,0.1,,1.4,-0.8,0.6,1.6
368,5.8,0.415,0.091,29,,-0.2,0,-0.1,-0.152,,-6.3,-0.9,-7.2,-0.1
369,10.8,0.564,0.235,14.3,,1.2,1.2,2.5,0.091,,-0.8,-0.3,-1.1,0.3
369,10.4,0.56,0.277,14.3,,0.9,1,1.9,0.087,,-1.1,-0.4,-1.5,0.1
369,12.5,0.578,0.096,14.3,,0.3,0.3,0.6,0.107,,0.3,0.4,0.7,0.2
370,6,0.447,0.143,16,,-0.4,0.3,-0.1,-0.012,,-3.9,-1.1,-5,-0.3
370,5.8,0.451,0.152,15.9,,-0.4,0.3,-0.1,-0.013,,-4.1,-1.1,-5.2,-0.3
370,9.8,0.375,0,19.4,,0,0,0,0.016,,0.6,-1.1,-0.5,0
371,8.8,0.522,0.167,15.1,,0,0.9,0.9,0.062,,-3.6,0.3,-3.2,-0.2
372,18.6,0.583,0.28,15.5,,3.3,1.6,4.9,0.131,,1,1.4,2.4,2
373,15.3,0.534,0.317,24,,1,1,2,0.098,,0.9,0.6,1.5,0.9
374,13.5,0.558,0.205,19,,0.5,0.6,1.1,0.116,,-1.1,0.8,-0.3,0.2
375,13,0.613,0.133,17.8,,0.7,0.7,1.3,0.123,,-0.2,0.2,0,0.3
376,18.6,0.571,0.512,20,,1,1.2,2.2,0.15,,-0.3,2.4,2.1,0.7
377,19.3,0.608,0.286,13.8,,1.9,2.5,4.3,0.198,,-1.2,3.3,2.1,1.1
378,9.6,0.469,0.133,22.5,,-0.5,0.8,0.3,0.016,,-2.7,-1.2,-3.9,-0.4
379,6,0.417,0.106,16.6,,-1.3,0.4,-0.8,-0.045,,-5.2,-0.8,-6,-0.9
380,7.3,0.503,0.118,15.3,,0.1,0,0.1,0.035,,-1.9,-2.9,-4.8,-0.1
380,12.1,0.593,0.19,15.6,,0.1,0,0.1,0.097,,1.4,-1.3,0.1,0
380,-0.8,0.346,0,14.8,,-0.1,0,-0.1,-0.068,,-7.5,-5.5,-13,-0.1
381,23.4,0.57,0.442,24.7,,4.4,3.3,7.8,0.189,,2.1,1.7,3.7,2.8
382,12.5,0.558,0.324,14.6,,1.1,0.3,1.4,0.069,,-1.8,-0.3,-2.1,0
383,9,0.589,0.122,11,,0.7,2.5,3.3,0.094,,-2.6,2.1,-0.5,0.6
384,16.8,0.537,0.154,20.8,,0.2,0.8,1,0.125,,-2.5,3,0.4,0.2
385,8.5,0.531,0.247,14.1,,0.2,0.5,0.7,0.057,,-2.8,-1.2,-4,-0.3
386,17.9,0.603,0.246,19.9,,1.4,0.8,2.2,0.115,,-0.6,-0.9,-1.5,0.1
387,7.6,0.489,0.162,17,,-0.7,0.2,-0.5,-0.027,,-4.2,-1.5,-5.7,-0.9
388,9.4,0.492,0.319,15.4,,-0.1,1.4,1.2,0.034,,-3.5,0.4,-3.1,-0.5
389,17.6,0.519,0.24,27.9,,0.4,1.9,2.3,0.097,,1.8,1.2,2.9,1.4
390,14.4,0.61,0.328,18,,2.3,2.5,4.7,0.126,,-0.2,0.9,0.7,1.2
391,11.5,0.536,0.214,18.6,,1.2,0.2,1.5,0.029,,-1.4,-1.8,-3.2,-0.8
392,15.2,0.551,0.29,23.2,,0.9,1.3,2.2,0.054,,-0.3,-0.9,-1.2,0.4
392,13.3,0.545,0.279,20.9,,0.3,0.5,0.8,0.053,,-1.4,-1.2,-2.6,-0.1
392,16.4,0.555,0.296,24.7,,0.5,0.8,1.3,0.054,,0.4,-0.8,-0.4,0.5
393,13.7,0.539,0.642,15,,1.1,1.3,2.3,0.128,,-2.8,1.6,-1.2,0.2
394,15.5,0.56,0.246,24.6,,0.1,1.3,1.4,0.039,,-0.7,-0.9,-1.5,0.2
394,14.6,0.543,0.233,25,,-0.2,0.7,0.5,0.024,,-1.1,-1.1,-2.1,0
394,17,0.587,0.267,24,,0.3,0.6,0.9,0.063,,0,-0.6,-0.6,0.2
395,15.3,0.512,0.268,25.5,,0.6,0.3,0.9,0.044,,-0.3,-2.3,-2.6,-0.1
396,8.5,0.484,0.137,20.3,,-0.6,0.6,0,-0.004,,-3.9,-0.5,-4.4,-0.3
397,8.1,0.493,0.137,12,,0.2,0.9,1.1,0.064,,-2,-0.4,-2.5,-0.1
398,10.5,0.317,0.286,15.7,,0,0,0,0.079,,-5.2,3.2,-2,0
399,19.7,0.56,0.282,22.5,,4.4,2.2,6.6,0.172,,2.7,1.1,3.9,2.8
400,11.5,0.519,0.184,17.6,,0.1,0.3,0.5,0.031,,-2.3,-0.7,-3,-0.2
400,10.3,0.492,0.149,17.4,,-0.1,0.3,0.2,0.014,,-3.1,-0.7,-3.8,-0.2
400,15.3,0.596,0.291,18.1,,0.2,0.1,0.3,0.082,,0.1,-0.8,-0.7,0.1
401,14,0.502,0.18,18.3,,0.6,0.9,1.5,0.058,,-0.7,-0.7,-1.4,0.2
402,36.9,0.688,0,23.8,,0.1,0,0.1,0.358,,8.3,10.6,18.9,0.1
403,8.1,0.49,0.301,20,,-0.2,0.2,0,0.004,,-3.6,0.4,-3.2,-0.1
404,17.8,0.602,0.448,16.2,,2.9,2.9,5.8,0.16,,-0.5,2.6,2.1,1.8
405,18.9,0.654,0.625,16.7,,0.4,0.1,0.5,0.145,,1.6,0,1.6,0.2
406,19.4,0.64,0.317,13.1,,3.5,1.6,5.1,0.193,,1.3,0.7,2,1.3
407,13.2,0.641,0.724,13.5,,0.5,0.3,0.8,0.128,,-1.6,0.7,-0.9,0.1
408,15.9,0.569,0.149,19.1,,1.8,1.5,3.2,0.093,,0.8,0.1,0.9,1.2
408,15,0.551,0.145,18.2,,1,1.1,2.1,0.085,,0,0.3,0.3,0.7
408,18,0.609,0.159,21.3,,0.8,0.4,1.1,0.112,,2.6,-0.4,2.2,0.5
409,16.1,0.529,0.154,24.6,,0.5,1.1,1.6,0.06,,-0.2,-2.3,-2.4,-0.1
409,17.2,0.529,0.185,26.5,,0.3,0.4,0.7,0.062,,0.5,-2.4,-1.9,0
409,15.3,0.53,0.132,23.3,,0.2,0.7,0.9,0.058,,-0.6,-2.2,-2.8,-0.2
410,20.4,0.682,0.523,17.2,,5.6,1.9,7.5,0.215,,2,0.9,2.9,2.1
411,13.3,0.596,0.188,19,,1,1.4,2.4,0.102,,-0.9,0.2,-0.7,0.4
412,12.2,0.571,0.358,14.2,,0.4,0.2,0.5,0.086,,-2.5,-1,-3.5,-0.1
413,80.4,1,0,43.4,,0,0,0,1.261,,40.1,11.9,52,0
414,16.1,0.586,0.325,17.2,,1.2,0.9,2.1,0.137,,-1.1,-0.3,-1.4,0.1
415,9.9,0.555,0.286,16.4,,0.4,0.2,0.6,0.041,,-2.7,-1.3,-4,-0.4
416,21,0.6,0.447,27.8,,4.2,1.9,6.1,0.131,,2.1,-0.6,1.5,2
417,15.1,0.602,0.248,21.9,,4.6,1.2,5.9,0.118,,2.2,-2,0.2,1.3
418,8.1,0.5,0,12.1,,0,0,0.1,0.064,,-3.3,-2.2,-5.5,0
419,10.4,0.58,0.115,14.1,,0.3,0.1,0.4,0.078,,-1.3,-1.2,-2.5,0
420,14,0.536,0.225,20.9,,3,2.6,5.6,0.106,,0.1,0.2,0.3,1.5
421,0.9,0.481,0.172,16.4,,-0.2,0.1,-0.1,-0.06,,-6.6,-2.1,-8.8,-0.2
422,7.7,0.503,0.166,14.5,,0.4,0.8,1.2,0.028,,-3.3,-1,-4.3,-1.1
422,6.8,0.49,0.237,15.5,,-0.4,0.2,-0.2,-0.014,,-4.1,-1.2,-5.3,-0.6
422,8.2,0.511,0.13,13.9,,0.8,0.6,1.4,0.05,,-2.9,-0.9,-3.8,-0.6
423,20.6,0.616,0.438,17.9,,0.2,0.1,0.3,0.175,,0.8,1.1,1.9,0.1
424,7.6,0.514,0.13,14,,0,0.2,0.2,0.051,,-3.4,0,-3.4,-0.1
425,8.7,0.511,0.227,15,,0.1,0.6,0.7,0.054,,-2.8,-0.1,-3,-0.2
426,7.2,0.491,0.082,16.7,,-0.2,0.3,0.1,0.012,,-4.2,-0.5,-4.7,-0.2
427,22,0.692,0.464,12.1,,4,2.2,6.1,0.217,,0.1,2.4,2.5,1.6
428,12.1,0.473,0.083,17.4,,-0.2,1.5,1.3,0.047,,-1.7,0.2,-1.5,0.2
429,19.5,0.557,0.212,27.3,,2.6,0.3,3,0.102,,3.2,-1.7,1.4,1.2
430,15.4,0.561,0.14,23.9,,1.7,2.6,4.3,0.095,,1.1,-0.3,0.8,1.5
431,12.9,0.501,0.14,18.6,,0.9,2.3,3.2,0.086,,-0.7,0.5,-0.2,0.8
432,14,0.52,0.312,22.7,,0.9,2.8,3.7,0.095,,-1,0.8,-0.2,0.9
433,19.4,0.533,0.135,31.9,,2.4,2.6,5,0.097,,4,-0.6,3.4,3.4
434,21.9,0.63,0.416,23.5,,4.3,3.3,7.6,0.197,,1.9,1.3,3.1,2.4
435,8.5,0.567,0.1,15.2,,-0.1,0.1,0,0.01,,-3.9,-0.9,-4.7,-0.1
436,22.5,0.633,0.389,23.1,,0.3,0.1,0.5,0.173,,3.6,0.2,3.7,0.2
437,13.1,0.563,0.216,17.8,,2.3,1.2,3.5,0.084,,-0.3,-1.3,-1.6,0.2
437,8.1,0.496,0.227,18,,-0.1,0.3,0.2,0.023,,-3.2,-1.5,-4.7,-0.3
437,14.3,0.579,0.213,17.8,,2.4,0.9,3.3,0.099,,0.4,-1.3,-0.8,0.5
438,14.1,0.59,0.302,14.1,,3.8,0.9,4.7,0.104,,-0.4,-0.3,-0.7,0.7
439,12.7,0.508,0.206,24.2,,0.4,2.4,2.9,0.06,,-1.3,-0.7,-2,0
440,8.6,0.528,0.079,14.4,,0.4,1.2,1.6,0.053,,-1.9,-0.7,-2.5,-0.2
440,9.4,0.521,0.078,14.9,,0.1,0.7,0.9,0.055,,-1.5,0,-1.5,0.1
440,7.7,0.537,0.079,13.8,,0.2,0.5,0.7,0.052,,-2.3,-1.4,-3.7,-0.3
441,12.1,0.599,0.148,12.9,,0.2,1.2,1.5,0.115,,-1.6,3.1,1.5,0.5
442,8.3,0.491,0.19,18.4,,-1,0.8,-0.3,-0.009,,-3.8,-1.6,-5.4,-1.2
442,8.8,0.495,0.18,19.3,,-0.2,0.3,0.1,0.014,,-3.3,-1.1,-4.4,-0.3
442,8.1,0.489,0.196,18,,-0.8,0.4,-0.4,-0.019,,-4,-1.8,-5.9,-1
443,12,0.52,0.211,25.2,,-0.1,-0.5,-0.6,-0.011,,-1.4,-3.3,-4.7,-1.8
444,11,0.604,0.167,15,,2.7,0.9,3.6,0.095,,-0.3,-1.3,-1.6,0.2
444,10.7,0.606,0.156,15,,1.6,0.6,2.2,0.096,,-0.7,-1.1,-1.9,0
444,11.3,0.601,0.186,15,,1.1,0.3,1.4,0.094,,0.4,-1.6,-1.2,0.1
445,9.1,0.499,0.101,14.5,,0.1,1.2,1.4,0.045,,-2.4,0.5,-1.9,0
445,10.1,0.511,0.118,15.2,,0.3,0.9,1.2,0.054,,-1.9,0.6,-1.3,0.2
445,6.3,0.456,0.041,12.7,,-0.2,0.3,0.2,0.019,,-4,0.2,-3.7,-0.2
446,18.7,0.628,0.32,20.8,,5.7,3.6,9.3,0.175,,1.6,0.8,2.4,2.8
447,29.7,1.5,0,10.2,,0,0,0,0.183,,13.7,2.2,16,0
448,20,0.582,0.446,22.1,,4.6,3.6,8.2,0.146,,2.2,1.3,3.6,3.8
449,8.5,0.466,0.277,18.7,,-0.8,1.1,0.3,0.013,,-3.9,-0.3,-4.2,-0.6
449,7.4,0.445,0.252,19.3,,-1,0.8,-0.2,-0.01,,-4.6,-0.5,-5.2,-0.7
449,12.9,0.553,0.391,16.7,,0.2,0.2,0.5,0.101,,-1.3,0.5,-0.8,0.1
450,0,,,0,,0,0,0,-0.033,,-7.4,-3.2,-10.6,0
451,11.1,0.535,0.254,24.3,,0,0,0.1,0.02,,-1.5,-3.7,-5.3,-0.1
452,13.1,0.568,0.228,14.6,,2.2,3.1,5.3,0.116,,-1.2,2,0.8,1.5
453,12.3,0.502,0.24,24.8,,-1.2,1.2,0,0.001,,-1.6,-0.4,-1.9,0
453,11.5,0.527,0.23,23.3,,-0.7,0.9,0.2,0.01,,-2.1,0,-2.1,0
453,13.5,0.473,0.253,27,,-0.5,0.3,-0.2,-0.014,,-0.8,-0.9,-1.7,0
454,11.8,0.485,0.127,19.9,,0.5,1.1,1.7,0.064,,-1.6,-0.3,-2,0
455,7.8,0.444,0.127,18.6,,-0.3,0.1,-0.2,-0.038,,-3.7,0.5,-3.2,-0.1
456,9.8,0.492,0.271,17.5,,0,0.2,0.2,0.038,,-3.7,-1,-4.7,-0.1
456,11.7,0.52,0.324,16.1,,0.1,0.1,0.2,0.07,,-2.7,-0.7,-3.4,0
456,6.3,0.468,0.154,19.8,,-0.1,0.1,0,-0.02,,-6.8,-0.1,-6.9,-0.1
456,4.6,0.405,0.222,22.3,,0,0,0,-0.049,,-4.4,-4.4,-8.8,0
457,9.5,0.533,0.235,16.4,,0,0.1,0.1,0.048,,-2.8,-2.2,-5,-0.1
458,10.7,0.585,0.116,12.9,,1.6,1.6,3.2,0.117,,-1,0.3,-0.7,0.4
459,14.6,0.516,0.255,17.8,,0,0.2,0.2,0.051,,-4.3,-0.8,-5.1,-0.1
459,0,,,0,,0,0,0,0,,-7.5,-5,-12.6,0
459,14.7,0.516,0.255,17.9,,0,0.2,0.2,0.051,,-4.3,-0.8,-5.1,-0.1
460,12.4,0.516,0.184,14.9,,0.6,0.5,1.2,0.07,,-0.5,-0.7,-1.2,0.2
461,10.9,0.545,0.189,17.6,,0.6,0.5,1.1,0.052,,-0.7,-1.2,-1.9,0
461,10.8,0.545,0.157,17.9,,0.3,0.4,0.8,0.055,,-0.9,-0.8,-1.6,0.1
461,11.3,0.544,0.257,16.9,,0.3,0,0.3,0.046,,-0.5,-2.1,-2.5,0
462,5.5,0.5,0,19.1,,0,0,0,-0.119,,-7.1,1.6,-5.5,0
463,11.8,0.529,0.169,20.3,,-0.1,1.2,1.1,0.049,,-1.6,0.1,-1.5,0.1
464,7.6,0.443,0.375,17.6,,-0.2,0.3,0.1,0.02,,-5.8,0.5,-5.3,-0.2
465,4.7,0.377,0.17,17.7,,-0.5,0.2,-0.2,-0.06,,-7.1,0,-7.2,-0.2
465,3.1,0.372,0.159,18.4,,-0.4,0.2,-0.3,-0.086,,-7.9,-0.3,-8.2,-0.2
465,11.7,0.405,0.222,14.9,,0,0.1,0,0.053,,-3.8,1.1,-2.7,0
466,15.1,0.547,0.22,22.1,,1.6,3.4,5,0.097,,-0.4,0.2,-0.2,1.1
467,15.4,0.528,0.368,19.3,,1.7,0.5,2.2,0.085,,0.8,-1.2,-0.4,0.5
468,8.5,0.543,0.217,13.2,,0.3,2,2.2,0.052,,-3.3,0.5,-2.8,-0.4
468,8.6,0.551,0.196,13.9,,0.1,1.5,1.6,0.05,,-3.1,0.4,-2.7,-0.3
468,8,0.514,0.292,11.2,,0.2,0.5,0.6,0.061,,-4.1,1,-3.1,-0.1
469,6.5,0.557,0.175,18,,-0.1,0.1,-0.1,-0.019,,-3.8,-1.7,-5.4,-0.1
470,0.7,0.372,0.154,19.6,,-0.4,0,-0.3,-0.14,,-8.5,-2.3,-10.9,-0.2
471,19.7,0.571,0.571,20.1,,0,0,0.1,0.117,,-0.2,2.4,2.3,0
471,19.9,0.654,0.333,19.1,,0,0,0.1,0.127,,-1.1,3.4,2.3,0
471,18.4,0.266,2,26.8,,0,0,0,0.045,,5.9,-3.8,2.1,0
472,17,0.624,0.286,15.8,,2.3,1.3,3.5,0.188,,-0.8,0.9,0,0.5
473,7,0.437,0.273,30.4,,-0.4,0.1,-0.3,-0.077,,-4,-2.5,-6.5,-0.2
474,6.2,0.413,0.159,17.2,,-0.2,0.2,0,0.005,,-4.9,-0.1,-5,-0.2
475,6.4,0.482,0.183,12.9,,-0.3,0.3,0.1,0.004,,-4.8,-0.9,-5.7,-0.7
476,16.6,0.571,0.113,25.6,,2.9,2.3,5.3,0.095,,1.1,-1.4,-0.3,1.2
477,18.4,0.551,0.279,17.7,,2.1,0.5,2.6,0.105,,1.4,-1.9,-0.5,0.4
478,5.2,0.485,0.694,11.3,,-0.3,0.3,0,0.004,,-5.8,1,-4.7,-0.2
479,8.6,0.571,0.232,12.5,,0.6,0.5,1.2,0.052,,-1.7,-0.7,-2.4,-0.1
480,26.3,0.622,0.342,28.9,,7.2,3.2,10.4,0.197,,5.4,0.6,6,5.1
481,3.6,0.377,0.14,21.7,,-0.3,0.1,-0.2,-0.092,,-6.6,-4.2,-10.8,-0.2
482,12.2,0.564,0.431,21.5,,0.4,0.5,0.9,0.03,,-1.6,-1.5,-3.1,-0.4
483,9.2,0.547,0.113,9.5,,2,3,5,0.086,,-1.6,1,-0.6,1
484,11.6,0.504,0.239,15.9,,0.5,1.5,2,0.06,,-1.8,0.5,-1.3,0.3
485,18,0.567,0.258,20,,1.9,4.4,6.3,0.144,,0,2.4,2.5,2.4
486,20.9,0.698,0.417,13.1,,0.9,0.7,1.6,0.238,,0.8,3.9,4.7,0.5
487,0,,,0,,0,0,0,-0.015,,-7.7,-2.7,-10.4,0
488,24.4,0.616,0.344,28.5,,2.2,1.9,4.2,0.183,,2.2,0.4,2.6,1.3
488,24.4,0.639,0.363,25.9,,1.6,1.1,2.6,0.224,,2.3,0.8,3.2,0.7
488,24.4,0.594,0.326,31.4,,0.7,0.9,1.5,0.14,,2.1,0,2.1,0.5
489,12.4,0.513,0.526,19.4,,-0.1,0.1,0.1,0.037,,-5.2,1,-4.2,0
490,13.7,0.539,0.192,17.9,,2.4,1.9,4.3,0.117,,0.4,0.1,0.5,1.1
491,13.9,0.561,0.355,14.8,,1.5,1.7,3.2,0.09,,-1.2,0.5,-0.7,0.6
492,25.5,0.573,0.168,28,,5.4,4.7,10.1,0.193,,5,1.7,6.6,5.5
493,15.8,0.51,0.243,27.9,,0.1,2.3,2.4,0.061,,0.8,-0.2,0.6,1.2
494,10.1,0.533,0.31,21.7,,-0.3,0.5,0.2,0.02,,-3.9,-0.4,-4.3,-0.3
495,11.4,0.53,0.092,21.1,,0.1,1.1,1.2,0.052,,-0.5,-0.6,-1.1,0.3
496,21.7,0.558,0.267,31.5,,5.5,1.9,7.4,0.123,,5.2,-1,4.2,4.4
497,10.8,0.446,0.217,20.3,,-0.1,0.2,0,0.019,,-3.4,1,-2.4,0
498,18,0.527,0.317,28.8,,0.5,0.7,1.2,0.051,,2.2,-1.4,0.9,0.8
499,7,0.45,0.263,18.7,,-0.8,0.5,-0.3,-0.023,,-5.6,-0.8,-6.4,-0.7
500,11.9,0.575,0.195,19.5,,0.8,0.7,1.5,0.047,,-1,-1,-2,0
501,14.3,0.597,0.267,17.1,,0.6,0.4,1,0.134,,-1.3,0.7,-0.7,0.1
502,16.3,0.58,0.203,22.7,,1.6,0.5,2.1,0.074,,0.9,-1.1,-0.2,0.6
503,6.5,0.402,0.083,10,,-0.2,0.3,0.1,0.023,,-5.1,0.5,-4.6,-0.2
504,3.3,0.352,0.196,15.8,,-0.4,0.2,-0.2,-0.065,,-7,-2.1,-9.1,-0.3
505,16.1,0.648,0.154,17.7,,0.1,0,0.1,0.162,,2.2,-1.1,1.2,0
506,21.1,0.501,0.306,30.9,,1.8,5,6.8,0.124,,2.8,2.4,5.2,4.7
507,14.8,0.555,0.227,17.7,,1.7,1.9,3.6,0.101,,-0.4,1.3,0.9,1.3
508,-4.5,0,0,14.1,,0,0,0,-0.251,,-9,-7.8,-16.8,0
509,23.5,0.564,0.357,22.6,,2.3,4,6.3,0.18,,1.1,1.2,2.3,1.8
510,12.4,0.493,0.245,24.4,,-0.6,1.3,0.6,0.012,,-1.2,-1.8,-3,-0.6
511,32.9,0.61,0.308,25.5,,0.1,0.1,0.2,0.312,,7.6,4.2,11.8,0.1
512,8.8,0.55,0.029,13.3,,0.1,0.1,0.1,0.042,,-3.8,0.2,-3.7,-0.1
513,15.1,0.599,0.436,16.4,,0.7,0.3,1,0.135,,-2,-1.1,-3.2,-0.1
514,9.7,0.485,0.068,12.3,,0.3,0.9,1.2,0.053,,-2.3,0.4,-1.9,0
515,21.2,0.554,0.426,32.4,,3.9,1.2,5.1,0.123,,4.3,-2.1,2.2,2.1
516,12.6,0.548,0.132,14.9,,1.9,1.9,3.8,0.086,,-0.4,0.2,-0.3,0.9
517,18.8,0.703,0.294,10.3,,0.5,0.6,1.2,0.201,,-1.7,3.4,1.8,0.3
518,10.5,0.531,0.153,15,,0.1,0.3,0.4,0.064,,-2.4,0,-2.4,0
519,10.3,0.515,0.187,14.4,,0.3,1.4,1.7,0.093,,-2.4,0.2,-2.2,0
520,12.8,0.513,0.183,20.8,,0.2,2.6,2.8,0.067,,-1.3,0.7,-0.6,0.7
521,21.9,0.607,0.479,26.1,,0.4,0.3,0.8,0.151,,1.4,-1,0.4,0.1
521,17.1,0.585,0.6,23.4,,0.1,0.1,0.2,0.146,,0.3,-1.5,-1.3,0
521,23.4,0.613,0.446,26.9,,0.3,0.3,0.6,0.152,,1.7,-0.8,0.9,0.1
522,15.5,0.523,0.269,18.1,,1.9,2.4,4.3,0.121,,0.1,1.4,1.5,1.5
522,14.5,0.527,0.208,17.1,,1,1.3,2.3,0.123,,0.1,1.6,1.7,0.8
522,16.6,0.519,0.336,19.2,,0.9,1.1,2,0.119,,0,1.2,1.2,0.6
523,12.4,0.542,0.286,17.5,,0.2,0.3,0.5,0.09,,-2.5,-0.2,-2.7,0
524,2.3,0.5,0,12.7,,0,0,0,-0.021,,-4.3,-2.5,-6.9,0
525,16.2,0.569,0.161,18,,3,3.9,6.9,0.133,,0.4,1.1,1.5,2.2
526,17,0.539,0.33,28.4,,2.5,0.7,3.3,0.062,,2.3,-2.8,-0.6,0.9
527,17.2,0.611,0.409,16.3,,2.6,1.2,3.9,0.15,,-0.6,0.7,0.1,0.7
528,17.3,0.607,0.6,20.1,,0.2,0.1,0.3,0.167,,-3.1,-1.9,-5,-0.1
528,1.5,0,0,7.4,,0,0,0,-0.013,,-8.7,-1.6,-10.2,0
528,19.4,0.64,0.643,21.8,,0.2,0.1,0.3,0.191,,-2.3,-1.9,-4.3,0
529,16.2,0.59,0.399,18.2,,1.7,0.3,2,0.087,,-1.1,-2.1,-3.2,-0.3
530,18.9,0.604,0.332,20.3,,1.9,1.3,3.2,0.148,,-0.2,-0.2,-0.5,0.4
530,19.5,0.633,0.342,20.5,,1.1,0.6,1.8,0.165,,-0.3,0.1,-0.2,0.2
530,18.3,0.574,0.323,20.1,,0.7,0.7,1.4,0.132,,-0.2,-0.5,-0.7,0.2