Rk,PER,TS%,FTr,USG%,OWS,DWS,WS,WS/48,OBPM,DBPM,BPM,VORP
1,11.9,0.533,0.293,15.5,1,0.7,1.7,0.063,-2.1,-1,-3.1,-0.3
2,12.8,0.489,0.267,20.4,0,0.4,0.4,0.073,-1.2,2.6,1.4,0.2
3,14.1,0.549,0.514,14.3,1.9,2.2,4.1,0.111,-1.5,0.2,-1.3,0.3
4,14.2,0.494,0.864,14.3,0.2,0.2,0.4,0.087,-1.9,-0.6,-2.4,0
5,10.7,0.533,0.224,19,1.6,1,2.6,0.05,-1.4,-1.1,-2.5,-0.3
5,11.7,0.533,0.23,19.9,1.4,0.4,1.8,0.05,-0.7,-1.2,-1.9,0.1
5,8.2,0.533,0.207,16.7,0.2,0.5,0.8,0.049,-3,-0.8,-3.8,-0.4
6,19.9,0.595,0.301,21.1,1.9,1.2,3.2,0.159,-0.7,0.4,-0.3,0.4
7,12,0.517,0.346,8.6,0.7,0.7,1.4,0.122,-3.9,0.4,-3.6,-0.2
8,18.1,0.513,0.213,18.3,0.8,1.4,2.2,0.107,-0.8,1.1,0.3,0.6
9,22.8,0.528,0.256,30.2,4.9,3.7,8.6,0.165,3.2,-0.3,2.9,3.1
10,14.9,0.493,0.157,15.2,1.3,1.6,2.8,0.127,-0.5,0.5,0,0.6
11,14.6,0.528,0.277,16.6,0.9,3.2,4.1,0.119,-1.5,3.1,1.6,1.5
12,14.4,0.504,0.331,15.2,1.2,2,3.3,0.115,-0.7,1.5,0.7,1
13,11.8,0.442,0.341,17.4,-0.6,0.9,0.3,0.017,-4.1,-0.2,-4.3,-0.5
13,3.8,0.387,0.417,11,-0.1,0.1,0,-0.011,-6.7,-1.5,-8.2,-0.1
13,12.5,0.444,0.337,18,-0.5,0.8,0.4,0.02,-3.8,-0.1,-3.9,-0.4
14,16.1,0.622,0.551,12.3,2.1,1.5,3.6,0.151,0,1,1.1,0.9
15,10.6,0.563,0.23,14.2,1.7,1.1,2.7,0.075,-1.7,0.2,-1.5,0.2
16,8.2,0.389,0.157,13.4,-0.3,0.6,0.3,0.044,-3.8,2.3,-1.4,0.1
17,15.6,0.524,0.207,23.4,2.6,0.9,3.5,0.1,1.8,-2.1,-0.3,0.7
18,14.8,0.552,0.445,19.6,2.2,4,6.2,0.117,-1.2,1.2,0,1.2
19,21.5,0.531,0.294,32.2,2.2,0.6,2.9,0.097,4.9,-1.9,3,1.8
20,14.7,0.607,0.355,9.1,0.5,0.7,1.2,0.142,-2.9,3.1,0.2,0.2
21,9.5,0.508,0.416,17.6,0.5,1,1.5,0.07,-3,-1.2,-4.1,-0.6
22,12.7,0.539,0.157,16.5,2.7,3.9,6.6,0.108,-0.1,1.1,1,2.2
23,11.5,0.466,0.154,20,-0.1,0.9,0.9,0.042,-2.4,0.7,-1.7,0.1
24,15.5,0.545,0.546,14,2.8,2.2,5,0.12,-0.4,-0.9,-1.2,0.4
25,13.9,0.527,0.317,19.8,2.5,0.9,3.4,0.083,0.4,-1.6,-1.2,0.4
25,15.8,0.536,0.367,22.2,2,0.6,2.5,0.094,1.2,-1.7,-0.5,0.5
25,10.2,0.503,0.194,15.1,0.5,0.4,0.9,0.063,-1,-1.3,-2.3,-0.1
26,14.4,0.618,0.379,16.3,0.6,0.6,1.2,0.147,-2.4,0.3,-2.2,0
27,11.1,0.639,0.099,12.4,1.1,0.5,1.6,0.092,0,-0.3,-0.4,0.3
28,2.1,0.309,0.357,13.5,-0.1,0,-0.1,-0.048,-7,-2,-9,-0.1
29,15.3,0.558,0.192,20.5,1.6,1.2,2.8,0.137,0,0.4,0.3,0.6
30,15.1,0.502,0.175,21.2,2.1,0.6,2.7,0.096,0.8,-1.1,-0.3,0.6
31,16.6,0.527,0.296,26.4,0.8,0.2,0.9,0.058,1.1,-2.2,-1.1,0.2
32,13.4,0.573,0.229,14.9,3.7,3,6.7,0.139,0.2,-0.1,0.1,1.2
33,11.3,0.574,0.152,14.9,2.2,2.1,4.3,0.091,-0.5,0.2,-0.3,1
34,5,0.361,0.308,15.1,-0.1,0.1,0,-0.011,-6.6,-0.8,-7.4,-0.2
35,13.6,0.503,0.266,20.2,0.2,1.1,1.3,0.063,-1.2,1.1,-0.2,0.4
35,8.3,0.422,0.15,18.5,-0.4,0.4,0,0.002,-4.7,1.4,-3.3,-0.1
35,15.9,0.533,0.312,21,0.6,0.7,1.3,0.089,0.3,0.9,1.2,0.5
36,16.3,0.557,0.313,19.5,3.4,1.9,5.3,0.132,0.5,-0.5,0,1
37,13.1,0.516,0.163,14.6,2,3.2,5.2,0.105,0.3,1.8,2.1,2.4
38,11.1,0.519,0.266,18.6,0.3,2,2.4,0.066,-2.5,0.4,-2.1,0
39,15.9,0.618,0.318,17.8,2.3,1.6,3.9,0.166,-1.4,-0.4,-1.8,0.1
40,9.7,0.52,0.302,15.5,-0.4,1.9,1.6,0.057,-3.2,1.1,-2.1,0
41,14,0.521,0.195,22.5,1.3,2.4,3.7,0.085,-0.1,0.2,0.1,1.1
42,10.6,0.474,0.123,24.2,-0.6,0.5,-0.1,-0.007,-4.2,-0.3,-4.5,-0.3
43,12.4,0.553,0.211,18.8,1.5,1.4,2.9,0.1,-0.3,-0.7,-1,0.4
44,4.7,,,15.3,0,0,0,-0.215,-9.4,-3.7,-13,0
45,11.4,0.458,0.215,17.8,-0.1,0.4,0.3,0.017,-2.5,-1.4,-3.9,-0.4
46,11.3,0.509,0.113,16.1,1.7,1.8,3.5,0.096,-0.4,0.5,0.1,0.9
47,44.3,0.5,0,29.4,0,0,0,0.389,14.9,17.5,32.5,0
48,15.2,0.578,0.941,11.6,1.8,2.2,4,0.156,-2.4,1.3,-1.1,0.3
49,14.7,0.583,0.432,13.8,2.2,0.9,3.1,0.124,-1,-1.1,-2.1,0
49,11.6,0.548,0.349,12.7,0.5,0.4,0.9,0.113,-2.3,-1.7,-3.9,-0.2
49,16.3,0.598,0.468,14.3,1.7,0.4,2.2,0.129,-0.4,-0.8,-1.3,0.2
50,7.7,0.469,0.105,18.3,-0.2,0.3,0.1,0.033,-7.5,-0.9,-8.4,-0.3
51,9.5,0.507,0.125,13.2,0.7,1.4,2.1,0.066,-1.8,0,-1.8,0.1
52,18.4,0.555,0.422,23.7,4.1,2.9,7,0.119,1.6,0.5,2.1,2.9
53,4,0.342,0.167,23,-0.3,0,-0.2,-0.156,-6.5,-3.3,-9.8,-0.1
54,11.6,0.562,0.184,17.2,1.7,0.7,2.4,0.062,-0.3,-1.4,-1.7,0.1
55,15.8,0.565,0.118,13.2,1.9,3.4,5.2,0.159,-0.9,3.3,2.4,1.8
56,10.1,0.536,0.161,12.5,1.3,0.9,2.1,0.11,-0.5,-0.2,-0.7,0.3
57,15.3,0.536,0.319,18.1,1.7,1.9,3.6,0.11,-0.3,0.1,-0.2,0.7
58,16.4,0.517,0.202,23.7,1.2,1,2.2,0.062,-0.5,-1.2,-1.7,0.1
59,19.8,0.548,0.311,28.4,2.1,1.5,3.6,0.111,2.5,-1.3,1.3,1.3
60,11.5,0.507,0.099,21,0.4,2.1,2.5,0.049,-1.5,-0.6,-2.2,-0.1
61,9.4,0.457,0.242,11.6,-0.1,0.8,0.7,0.07,-4.3,1.4,-3,-0.1
62,13.9,0.507,0.281,21.6,1,2.1,3.1,0.071,-1.2,0.2,-1,0.5
62,13.8,0.484,0.347,20.1,0,0.4,0.4,0.028,-1.9,1.1,-0.8,0.2
62,14,0.516,0.255,22.4,1,1.6,2.7,0.091,-0.8,-0.3,-1.1,0.3
63,14.4,0.534,0.213,25,1.7,1.5,3.3,0.083,0.3,-1.1,-0.8,0.5
64,11,0.547,0.5,18.8,0.4,0,0.4,0.033,-1.9,-2.4,-4.3,-0.3
65,11,0.468,0.156,12.9,0.1,0.2,0.3,0.025,-2.8,0.3,-2.5,-0.1
66,9.1,0.459,0.271,15.3,-0.2,0.7,0.5,0.031,-3,0.4,-2.6,-0.1
67,4.4,0.482,0.211,13.1,-0.1,0,0,-0.016,-5.5,-1.3,-6.8,-0.1
68,17.6,0.477,0.338,34.9,-0.4,0.6,0.2,0.006,2,-1.7,0.3,0.7
69,12.2,0.537,0.208,16.3,1.1,0.2,1.3,0.049,-0.5,-1.3,-1.8,0
70,6.2,0.466,0.129,10.9,-0.2,0.3,0.1,0.019,-3.2,0,-3.2,-0.1
70,8.8,0.578,0.093,10.7,0.1,0.3,0.4,0.074,-1.5,0.3,-1.2,0.1
70,-3.1,0.113,0.25,11.6,-0.3,0,-0.3,-0.173,-8.9,-1.2,-10.2,-0.2
71,12.6,0.455,0.144,23.9,0.8,1.6,2.4,0.05,-0.1,-1.3,-1.4,0.3
72,13,0.524,0.43,20.8,1.1,0.6,1.7,0.089,-0.5,-1.2,-1.7,0.1
73,9.3,0.544,0.154,12.9,1.3,1,2.4,0.07,-1.9,0.1,-1.7,0.1
74,21.3,0.583,0.508,21.6,8.2,3,11.2,0.214,3.4,1.2,4.6,4.2
75,11.4,0.531,0.13,17.9,1,1.6,2.6,0.084,-0.5,-0.3,-0.8,0.4
76,13.1,0.586,0.25,20.4,0.1,0,0.1,0.027,-0.2,-2.3,-2.6,0
77,4.8,0.336,0.129,27.6,-0.2,0.1,-0.2,-0.132,-8.2,-4.8,-13,-0.2
78,-1.8,0.417,0,31.5,-0.1,0,-0.1,-0.275,-11.5,-6.7,-18.2,-0.1
79,12.3,0.455,0.182,17.9,-0.4,1.5,1.1,0.065,-3.1,3.2,0,0.4
80,11.3,0.519,0.09,16.1,0.8,0.1,0.9,0.033,-1.1,-2,-3,-0.3
81,11.2,0.501,0.163,19.5,1.1,1.8,2.8,0.052,-1.3,-0.4,-1.7,0.2
82,12.4,0.534,0.159,21.6,0.8,0.7,1.4,0.072,0.1,-0.9,-0.8,0.3
82,11.8,0.549,0.16,19.2,0.3,0.3,0.6,0.084,0.2,-0.6,-0.4,0.2
82,12.8,0.526,0.158,23.2,0.4,0.3,0.8,0.065,0,-1.1,-1.1,0.1
83,12.1,0.409,0.793,21.3,-0.2,0.2,0,0.019,-5.3,0,-5.4,-0.1
84,15.9,0.603,0.277,16.9,4.3,2.8,7,0.154,1.2,0.4,1.7,2
85,9.6,0.445,0.14,19.9,-0.5,1.4,1,0.043,-2.1,0.4,-1.7,0.1
86,14.1,0.461,0.317,26.7,-2.1,2.9,0.8,0.017,-1.3,0.3,-1.1,0.5
86,12.8,0.444,0.298,27.1,-2.1,1.6,-0.5,-0.017,-1.7,-0.4,-2,0
86,16.3,0.496,0.354,25.8,0,1.3,1.3,0.08,-0.8,1.4,0.6,0.5
87,14.4,0.58,0.447,18.7,2,0.6,2.7,0.091,0.3,-1.1,-0.8,0.4
88,11.7,0.521,0.401,18.9,0.8,2,2.8,0.056,-2.6,0.1,-2.5,-0.3
89,20.1,0.697,0.584,12.8,7.2,3.1,10.3,0.216,2.4,0.2,2.6,2.7
90,13.2,0.523,0.146,20.1,2.1,1.5,3.6,0.071,0.2,-0.7,-0.6,0.9
91,5.8,0.347,0.316,16.8,-0.1,0.1,0,-0.021,-7.5,1.5,-6,-0.1
92,-2.6,0.25,0,20.6,-0.1,0,-0.1,-0.15,-13,-2,-15,-0.1
93,6.7,0.425,0.133,18.5,-0.2,0.1,-0.1,-0.037,-6.4,-0.1,-6.5,-0.1
94,8.8,0.483,0.164,16,0,0.2,0.2,0.05,-3,0,-3,0
94,8.3,0.476,0.114,15.1,0,0.1,0.1,0.044,-2.3,-0.3,-2.6,0
94,11.6,0.509,0.364,20.6,0,0,0.1,0.083,-6.7,1.7,-5,0
95,16.9,0.528,0.265,23,2,0.4,2.4,0.078,1.2,-0.9,0.2,0.8
96,9.2,0.6,0,14.1,0,0.1,0.1,0.086,-3.5,0.3,-3.2,0
97,10.9,0.483,0.145,17.5,0.4,1,1.4,0.036,-2.1,-0.7,-2.8,-0.4
97,9.9,0.452,0.15,15.7,-0.1,0.8,0.6,0.027,-2.6,-0.4,-3,-0.3
97,12.6,0.52,0.139,20.6,0.5,0.3,0.7,0.052,-1.1,-1.2,-2.4,0
98,17.5,0.575,0.335,20.9,3,0.8,3.8,0.116,2.3,-0.2,2.1,1.6
99,11.2,0.485,0.257,12.8,1,1.2,2.2,0.097,-1.9,0.9,-1,0.3
100,18.6,0.558,0.282,23.7,4.2,2.7,6.8,0.147,2.6,0.2,2.8,2.7
101,11.4,0.432,0.955,18,0,0.2,0.2,0.092,-6.6,1,-5.7,-0.1
102,7.4,0.468,0.145,21.3,-0.9,0.8,-0.1,-0.008,-2.5,-1.2,-3.7,-0.4
103,14.5,0.52,0.261,25.6,0.1,0.1,0.2,0.067,-0.6,-1.7,-2.2,0
104,25.2,0.545,0.508,34.1,2.8,3.2,6,0.144,2.8,1.5,4.3,3.2
105,14.7,0.554,0.287,21.8,1.6,2.3,4,0.097,0.3,0.4,0.7,1.3
106,8.7,0.525,0.105,11.5,0.5,0.8,1.3,0.088,-2.4,1.5,-0.8,0.2
107,16.6,0.532,0.3,27.6,2.5,1.2,3.6,0.102,1.9,-1.2,0.7,1.2
108,13.9,0.517,0.259,17.5,1.9,2,3.9,0.113,-0.2,0.7,0.5,1
108,12.7,0.55,0.145,15.3,0.3,0.3,0.5,0.098,-0.6,0.5,-0.1,0.1
108,14.1,0.512,0.277,17.9,1.6,1.8,3.3,0.116,-0.2,0.8,0.6,0.9
109,8.9,0.473,0.139,10.9,0.5,1.2,1.6,0.047,-2.8,0.4,-2.5,-0.2
110,7.3,0.452,0.394,23.2,-0.1,0.1,0,-0.023,-6.1,-2,-8.1,-0.1
111,-11.4,0,0,16.5,-0.1,0,0,-0.298,-20.1,-3,-23.1,0
112,28,0.638,0.251,28.9,11.5,4.1,15.7,0.288,8.2,1.7,9.9,7.9
113,11.8,0.461,0.154,15,-0.4,0.7,0.3,0.023,-3.8,0.7,-3.1,-0.1
114,9.6,0.515,0.079,21.3,0.1,0.1,0.2,0.022,-0.8,-2.4,-3.2,-0.1
114,4.5,0.472,0.085,21.6,-0.1,0,0,-0.013,-3.3,-3.1,-6.4,-0.1
114,7.4,0.443,0.034,19.4,-0.1,0,-0.1,-0.038,-2.6,-3.2,-5.8,-0.1
114,16.1,0.62,0.119,23.3,0.2,0.1,0.3,0.119,3.1,-1,2.2,0.1
115,15.1,0.587,0.011,20.7,0.2,0.2,0.4,0.095,1.8,-0.6,1.2,0.2
115,16.7,0.458,0,36.5,0,0,0,-0.033,0.3,0,0.3,0
115,14.9,0.607,0.013,19.3,0.3,0.2,0.4,0.106,1.9,-0.7,1.3,0.2
116,10.5,0.463,0.27,18.9,-0.2,0.4,0.2,0.028,-3.9,-0.6,-4.5,-0.3
116,10.7,0.472,0.277,18.2,-0.1,0.4,0.3,0.039,-3.6,-0.5,-4.1,-0.2
116,8.5,0.405,0.222,24.6,-0.1,0.1,-0.1,-0.069,-6.5,-0.9,-7.4,-0.1
117,30.8,0.591,0.384,27.8,9.9,4.2,14,0.274,6.6,2.3,8.9,6.7
118,20,0.594,0.403,14.8,4.6,1.6,6.3,0.164,1.4,0.1,1.5,1.6
119,10.8,0.495,0.373,16.7,0.2,1.1,1.4,0.072,-3.9,0.8,-3.1,-0.3
120,-5,0.25,0,15,-0.1,0,-0.1,-0.172,-9,-3.8,-12.8,-0.1
121,8.2,0.449,0.043,22.1,-0.6,0.5,0,-0.001,-3.9,-0.3,-4.2,-0.2
121,7.1,0.441,0.035,22.9,-0.5,0.4,-0.1,-0.021,-4.6,-0.6,-5.2,-0.2
121,12.1,0.484,0.077,19.2,0,0.1,0.1,0.068,-1.3,0.8,-0.5,0
122,13.3,0.568,0.395,13,0.7,1,1.7,0.099,-3.3,-0.2,-3.5,-0.3
123,8.5,0.493,0.124,12.6,1.4,0.5,1.9,0.067,-2,-0.8,-2.8,-0.3
124,15.5,0.561,0.319,19.5,3.7,1.6,5.4,0.106,1.1,-1.1,0,1.2
125,17.4,0.51,0.438,28.4,2.6,1.4,4,0.09,0.5,-1.4,-0.9,0.6
126,12.7,0.526,0.147,18.3,1.3,2.3,3.6,0.088,-0.6,0.2,-0.4,0.8
127,17.2,0.573,0.477,15,3.4,1.5,4.9,0.108,-0.1,0.3,0.2,1.2
128,10.2,0.394,0.201,21.1,-0.3,0.4,0.1,0.009,-3,0.2,-2.8,-0.1
129,11.1,0.507,0.572,11.3,0.4,1.5,1.9,0.108,-3.8,0.7,-3.1,-0.2
130,11.2,0.45,0.255,17.2,0,0.2,0.2,0.046,-3.5,1.7,-1.7,0
131,3.3,0.387,0.381,10.7,0,0.1,0,0.02,-5.6,-1.2,-6.8,-0.1
132,17.4,0.577,0.234,21.8,5.4,1.4,6.8,0.123,1.6,-0.8,0.8,1.8
132,16.7,0.573,0.191,21.5,3.1,0.9,4,0.111,1.1,-1,0.1,0.9
132,18.8,0.586,0.322,22.2,2.3,0.5,2.8,0.146,2.5,-0.4,2.1,0.9
133,8.2,0.435,0.167,22.9,-0.1,0,-0.1,-0.042,-4.1,-3.6,-7.7,-0.1
133,9.1,0.322,0.375,31.5,0,0,0,-0.077,-4.1,-5.7,-9.9,0
133,8,0.481,0.091,21.1,-0.1,0,0,-0.035,-4.1,-3.1,-7.2,-0.1
134,4.5,0.388,0.052,16.8,-0.5,0.1,-0.4,-0.087,-7.1,-2.8,-9.9,-0.4
135,21.4,0.504,0.38,22,3.4,4.3,7.7,0.147,0.6,-0.7,-0.1,1.2
136,12.3,0.572,0.158,13.5,2,2.1,4.1,0.116,-0.5,1,0.6,1.1
137,22.6,0.56,0.38,22.2,4.9,4.7,9.6,0.207,2.3,2.8,5.1,4
138,11.6,0.573,0.181,14.2,2.4,1.7,4.1,0.108,-0.3,0.2,0,0.9
139,27.6,0.633,0.366,29.1,3.8,1,4.8,0.252,8.6,1.4,10,2.8
140,8.4,0.447,0.224,19.6,-0.8,0.4,-0.4,-0.03,-3.7,-1.5,-5.2,-0.5
141,11.6,0.504,0.104,18.5,1.1,0.1,1.2,0.034,-0.5,-1.8,-2.3,-0.1
142,16.5,0.509,0.224,27.9,1.4,2.2,3.6,0.065,0,-0.1,-0.1,1.3
143,11.5,0.541,0.381,14.6,1.2,0.8,1.9,0.088,-1,-0.5,-1.5,0.1
144,7.3,0.411,0.049,20.6,-0.8,0.5,-0.3,-0.04,-4.1,-0.2,-4.3,-0.2
144,12,0.503,0.095,22.6,0,0,0,-0.005,0.3,-2.1,-1.8,0
144,6.6,0.395,0.041,20.3,-0.8,0.4,-0.3,-0.046,-4.8,0.1,-4.8,-0.2
145,20.5,0.636,0.5,13.1,0.9,0.4,1.3,0.241,2,2.1,4.2,0.4
146,11.7,0.49,0.708,13,0.4,0.8,1.2,0.074,-1.6,-0.8,-2.4,-0.1
147,17.7,0.508,0.25,26.1,2.4,2.2,4.6,0.082,1.4,-0.2,1.2,2.2
148,5.7,0.457,0.077,13.8,-1.1,1,-0.1,-0.003,-3.6,-0.7,-4.3,-1.1
149,16.2,0.58,0.561,17.7,0.8,0.9,1.7,0.159,-2.2,0.3,-1.8,0
150,18.4,0.548,0.391,20.3,3.5,2.1,5.6,0.13,0.6,-0.7,-0.1,1
151,9.9,0.513,0.07,16.6,0.2,0.4,0.6,0.053,-1.2,-0.1,-1.4,0.1
152,21.8,0.558,0.362,23.8,5,3.3,8.3,0.175,1.9,0.6,2.5,2.6
153,12.4,0.48,0.142,20.7,0,0.2,0.2,0.039,-1.3,-0.2,-1.4,0
154,10.8,0.527,0.146,10.8,0.2,0.1,0.3,0.072,-1.4,1.2,-0.1,0.1
155,12.4,0.546,0.256,19.7,1.5,0.6,2.1,0.059,-0.5,-1.3,-1.8,0.1
156,11,0.51,0.137,19.3,0.6,0.4,1,0.045,-0.3,-0.9,-1.2,0.2
157,4.9,0.75,0,16.6,0,0,0,-0.063,-3.8,-1.8,-5.6,0
158,8.1,0.406,0.344,17.5,-0.3,0.2,-0.1,-0.017,-4.5,-0.7,-5.2,-0.2
158,5.9,0.343,0.349,17.2,-0.4,0.1,-0.3,-0.071,-5.6,-1.3,-6.9,-0.2
158,13.7,0.557,0.333,18.2,0.1,0.1,0.2,0.119,-1.8,1,-0.8,0
159,9.8,0.479,0.271,19.6,0,0.2,0.2,0.021,-3.6,-1.2,-4.7,-0.4
160,12.2,0.522,0.166,13.4,0.6,0.9,1.6,0.122,-3,0.4,-2.6,-0.1
161,9.5,0.546,0.072,14.1,0.7,1.4,2.1,0.053,-1.5,-0.1,-1.5,0.2
162,16.8,0.563,0.336,21.5,3,1,3.9,0.132,2.6,-0.2,2.4,1.6
163,12.3,0.489,0.153,19.2,0.7,0.6,1.3,0.043,-1.5,-0.9,-2.3,-0.1
164,3.6,0.347,0.063,16.2,-0.4,0.2,-0.2,-0.044,-4.9,0.7,-4.2,-0.1
165,15.2,0.496,0.147,17.8,0.4,1.5,1.9,0.096,-1.2,1.9,0.7,0.7
165,14.8,0.486,0.149,18.1,0.2,1.4,1.6,0.089,-1.4,1.7,0.3,0.5
165,19.3,0.58,0.129,15.2,0.2,0.1,0.3,0.161,0.8,3.5,4.3,0.2
166,21.7,0.558,0.41,24.6,5.5,4.7,10.2,0.182,2.7,2.4,5.1,4.8
167,22.7,0.55,0.317,24.7,6,4.4,10.4,0.187,2.9,0.6,3.5,3.7
168,19.7,0.556,0.352,27,4.8,1.3,6.1,0.122,3.4,-0.7,2.7,2.9
169,13,0.548,0.414,16.7,0.6,0.6,1.2,0.086,-1.3,0.7,-0.6,0.2
169,14,0.574,0.474,16.1,0.7,0.4,1.1,0.1,-0.5,0.7,0.2,0.3
169,9.7,0.47,0.245,18.5,-0.1,0.2,0.1,0.039,-3.8,0.6,-3.2,0
170,13,0.492,0.224,32.8,-0.2,0.2,0,-0.008,-2.3,0.1,-2.2,0
171,16.1,0.545,0.364,17.6,2.7,2.1,4.8,0.137,-0.5,0.1,-0.4,0.7
172,16.2,0.544,0.346,23.9,1.4,2.3,3.7,0.111,0.9,0.9,1.7,1.5
173,21.6,0.627,0.639,14,5,4.3,9.3,0.206,1.7,2.5,4.2,3.4
174,11.9,0.469,0.159,17,0.5,1.2,1.7,0.094,-1.5,0.1,-1.4,0.1
175,11.2,0.486,0.413,23.4,-0.2,0.4,0.2,0.014,-2.8,-0.6,-3.4,-0.2
176,11.4,0.517,0.293,15.5,0.3,0.7,1,0.06,-2.6,-0.1,-2.7,-0.2
177,10.6,0.538,0.227,21.8,0.1,0.2,0.3,0.015,-2,-2.2,-4.2,-0.4
178,3.7,0.428,0.105,17.1,-0.2,0.1,-0.1,-0.093,-7.1,-2.4,-9.5,-0.1
179,12.7,0.544,0.192,19.8,2.2,0.7,2.9,0.069,0.2,-1.2,-1,0.5
180,18.2,0.587,0.226,17.6,4.4,4.2,8.6,0.168,0.6,0.9,1.5,2.1
181,8.6,0.527,0.228,15.5,0.2,0.3,0.6,0.046,-2.5,-1.3,-3.9,-0.3
182,8.7,0.47,0.548,16.5,-0.9,1.4,0.5,0.019,-3.9,0.6,-3.3,-0.5
183,16.5,0.596,0.172,17.5,4,3.9,7.8,0.163,2.6,2,4.6,3.8
184,16.4,0.54,0.261,17.2,3.3,5.2,8.5,0.163,0.7,2.8,3.5,3.5
185,8.9,0.436,0.074,19.1,-0.1,0.1,0,0,-3,-1.3,-4.3,-0.2
186,15.4,0.532,0.154,28.4,1,1,1.9,0.065,1.2,-1.5,-0.3,0.6
187,14.9,0.603,0.213,18.3,0.1,0.3,0.4,0.119,-1.9,0.6,-1.3,0
187,9.9,0.571,0,16.4,0,0,0,0.071,-5.3,1.1,-4.2,0
187,15.8,0.608,0.25,18.6,0.1,0.2,0.4,0.127,-1.2,0.5,-0.7,0
188,14.4,0.534,0.297,21.9,2.7,2.4,5.2,0.101,0.5,-0.7,-0.2,1.2
188,14.6,0.539,0.303,23.8,1,1,2,0.089,0.2,-1.3,-1.1,0.3
188,14.2,0.53,0.291,20.5,1.7,1.5,3.1,0.111,0.8,-0.2,0.6,0.9
189,7.9,0.477,0.111,17.6,-0.4,0.4,-0.1,-0.003,-3.2,-1,-4.2,-0.5
190,22.8,0.551,0.373,28.4,6.6,2.4,9,0.183,3.8,0.2,4,3.6
191,11,0.567,0.317,15.2,0.1,0.2,0.3,0.088,-4.5,1,-3.5,-0.1
191,10.9,0.522,0.214,19,0,0,0.1,0.059,-5.3,1.6,-3.7,0
191,11.1,0.589,0.37,13.9,0.1,0.2,0.3,0.098,-4.2,0.8,-3.4,0
192,9,0.446,0.134,20.4,-0.5,0.8,0.3,0.022,-2.6,-0.2,-2.9,-0.1
193,8.3,0.543,0,14.4,0.1,0.1,0.1,0.059,-1.7,-0.7,-2.4,0
194,14.6,0.551,0.264,14.2,1,0.5,1.5,0.102,-0.5,-0.4,-0.8,0.2
194,9.7,0.485,0.108,12.4,0.2,0.2,0.4,0.069,-2,-1.2,-3.2,-0.1
194,18,0.586,0.354,15.5,0.8,0.3,1.1,0.125,0.6,0.2,0.7,0.3
195,13.3,0.597,0.842,10.5,2.6,0.9,3.4,0.156,-0.7,-0.6,-1.3,0.2
196,12.1,0.512,0.218,23.8,0.8,0,0.8,0.023,0.2,-3,-2.8,-0.3
197,26.7,0.605,0.561,31.3,12.2,4.2,16.4,0.265,7,1.8,8.8,8.1
198,8.4,0.449,0.259,13.7,-0.3,0.6,0.3,0.021,-3.8,0.2,-3.6,-0.3
199,14.8,0.559,0.309,18,2.9,1.3,4.2,0.12,0.6,0.8,1.4,1.4
200,4.9,0.395,0.217,16.6,-1.2,0.5,-0.7,-0.046,-5.6,0.3,-5.3,-0.6
201,5.6,0.537,0.125,14.1,0,0.2,0.2,0.018,-4,-1.6,-5.6,-0.4
202,16.7,0.551,0.258,22.5,3,1.8,4.8,0.098,1.1,-0.6,0.5,1.5
203,10.6,0.488,0.268,14.6,0.4,1,1.4,0.066,-3,-0.8,-3.7,-0.4
204,9.8,0.478,0.164,17.9,-0.3,1.5,1.2,0.044,-3,0.7,-2.3,-0.1
205,10.4,0.492,0.239,10.4,0.3,0.2,0.5,0.091,-2.1,1,-1,0.1
206,20.2,0.567,0.425,26.2,5.8,2.9,8.7,0.159,3.5,0.5,4,4
207,9.1,0.49,0.433,17.3,-0.2,0.2,0,0.008,-7,0.7,-6.3,-0.1
208,13.2,0.514,0.256,20.7,1.3,2.3,3.6,0.074,-1.3,0,-1.4,0.4
209,4.9,0.424,1.846,13.7,-0.1,0,-0.1,-0.03,-4.9,-2.3,-7.2,-0.1
210,18,0.578,0.396,18.1,1.3,2.4,3.6,0.142,-1.5,2.2,0.7,0.8
211,15.4,0.501,0.287,21.3,1,3.2,4.2,0.105,-1.8,0.6,-1.2,0.4
212,14.3,0.504,0.438,19.7,0.5,1.4,1.8,0.062,-1.6,-1.1,-2.7,-0.2
213,14.3,0.534,0.336,21.8,0.5,2.5,3,0.086,-1.7,0.9,-0.8,0.5
214,21.5,0.579,0.267,23.8,3.7,1.6,5.4,0.203,4.1,1.2,5.3,2.3
215,16.2,0.494,0.216,22.7,1.1,1.1,2.2,0.055,-0.6,-1.6,-2.2,-0.1
216,10.2,0.507,0.304,15.9,0.9,2.6,3.5,0.072,-2,0.5,-1.5,0.3
217,6.8,0.468,0.131,13.3,-0.3,1.3,1,0.03,-3.8,0,-3.8,-0.7
218,18.8,0.522,0.142,23.1,2.3,1.1,3.4,0.124,2.5,0.3,2.8,1.6
219,12.1,0.498,0.191,18.8,0.2,1,1.3,0.092,-2.4,1,-1.4,0.1
220,13.1,0.648,0.659,13.1,0.7,0.3,1,0.104,-2.1,-0.1,-2.3,0
221,12.3,0.529,0.214,19.6,1.3,0.9,2.2,0.098,-1,0.3,-0.7,0.3
222,21.4,0.563,0.146,22.2,5.1,3.6,8.7,0.179,2.6,1.5,4.1,3.6
223,19.2,0.596,0.641,23.3,1.4,2.2,3.6,0.14,-0.3,-0.1,-0.4,0.5
224,16,0.571,0.286,15.1,0.1,0.1,0.2,0.141,-0.7,4.8,4.1,0.1
225,9.7,0.536,0.169,12.1,0.7,0.1,0.8,0.05,-2.7,-1.4,-4.1,-0.4
226,15.4,0.512,0.262,18.3,1.6,2.1,3.8,0.134,-1,0,-1,0.3
227,16.6,0.549,0.14,18.9,2.9,2.7,5.6,0.127,0.5,0.4,0.9,1.6
228,12.3,0.553,0.23,13.3,2.3,2.8,5.1,0.117,-0.4,1.4,0.9,1.5
229,16.8,0.554,0.192,22.1,2.3,1.7,4,0.146,1.6,-0.5,1.1,1
230,9.6,0.533,0.113,12.9,0.5,1.6,2.2,0.062,-2.3,1.1,-1.2,0.3
231,21.5,0.583,0.296,26.2,8.4,2,10.4,0.183,4.4,-0.4,4.1,4.2
232,14.6,0.522,0.278,22.6,1.1,1.4,2.6,0.055,-0.4,-0.7,-1.1,0.5
233,17.2,0.511,0.219,24.6,3.3,1.7,4.9,0.104,1.8,-0.6,1.1,1.8
233,15.6,0.511,0.2,22.1,1.8,1.1,2.9,0.101,0.9,-0.2,0.7,0.9
233,19.8,0.511,0.245,28.6,1.5,0.5,2,0.11,3.2,-1.3,1.9,0.9
234,16,0.593,0.852,12.2,0.4,0.2,0.5,0.165,-0.5,1.2,0.8,0.1
235,25.9,0.577,0.413,32.3,7.4,2.9,10.4,0.199,6.1,1,7.1,5.7
236,19.7,0.5,0.163,26.3,1.3,3.4,4.7,0.113,0.9,0.7,1.6,1.8
237,13.2,0.48,0.323,18.1,0.2,0.6,0.8,0.071,-2.1,-0.9,-3,-0.1
238,11.3,0.577,0.352,15.3,1.4,0.9,2.3,0.088,-0.8,0,-0.8,0.4
239,15.9,0.629,0.192,17.8,0.6,0.3,0.9,0.147,0.8,-0.5,0.3,0.2
240,19.7,0.522,0.263,26.3,2.6,0.7,3.3,0.136,4,-0.6,3.3,1.6
241,15,0.549,0.174,16.2,2,1.4,3.5,0.135,0.2,0.6,0.9,0.9
241,14.5,0.564,0.182,15.1,1.2,0.7,1.9,0.13,0,1,1,0.5
241,15.5,0.533,0.166,17.6,0.8,0.7,1.5,0.141,0.5,0.2,0.6,0.4
242,1.5,0.303,0.038,25.4,-0.2,0.1,-0.1,-0.128,-10,-0.9,-10.8,-0.1
242,-11,0.206,0,32.7,-0.2,0,-0.2,-0.373,-16.9,-3.5,-20.4,-0.1
242,13.6,0.477,0.111,18.4,0,0,0.1,0.108,-3.3,1.7,-1.6,0
243,15.4,0.603,0.249,15.7,3.5,1.6,5.1,0.124,0,-0.1,-0.1,0.9
244,10.2,0.515,0.104,15,0.2,0.6,0.8,0.074,-2.3,0.7,-1.7,0
244,6,0.425,0.133,16.9,-0.3,0.2,-0.1,-0.017,-5.1,-0.1,-5.2,-0.2
244,14.2,0.608,0.094,15.8,0.4,0.2,0.6,0.139,-0.7,1.2,0.5,0.1
244,9.7,0.502,0.067,10.9,0.1,0.1,0.3,0.102,-1,0.9,-0.1,0.1
245,17.9,0.617,0.252,17.4,2.5,1.6,4.1,0.143,0.7,1.7,2.4,1.5
246,14.1,0.523,0.172,20.3,2.6,1.5,4.1,0.07,0.7,-0.8,-0.1,1.3
247,4.8,0.43,0.333,17.4,-0.4,0.2,-0.1,-0.02,-5.6,-0.9,-6.5,-0.3
248,12,0.506,0.281,17,0.1,0.7,0.8,0.06,-2,1,-0.9,0.2
249,11.1,0.509,0.162,16.4,1,0.7,1.7,0.037,-1.1,-0.8,-1.9,0.1
250,1.9,0.406,0.524,9.8,0,0.1,0,0.013,-7.6,-0.6,-8.3,-0.2
251,11.1,0.565,0.229,15.8,1.2,0.4,1.5,0.11,0.2,-0.9,-0.7,0.2
252,6.9,0.459,0.201,15.3,-0.3,0.5,0.2,0.015,-4,-0.4,-4.4,-0.4
253,18.3,0.567,0.314,18.4,1.7,1.3,3,0.16,0.7,0.5,1.2,0.7
254,21,0.638,0.882,13.6,7.4,5.4,12.8,0.217,2.2,0.7,2.9,3.5
255,16.8,0.609,0.468,16.1,0.9,0.3,1.2,0.156,-0.6,-0.6,-1.2,0.1
256,15.5,0.564,0.348,17,2.7,1.8,4.5,0.149,0.2,1.3,1.4,1.2
257,17.3,0.537,0.186,22.5,1.1,2.2,3.3,0.112,-0.8,0.1,-0.8,0.4
258,20.3,0.564,0.252,24.7,4.3,2.1,6.4,0.145,1.6,-2.5,-0.9,0.6
258,17.5,0.535,0.203,25.1,1.4,1.3,2.7,0.099,0,-2.7,-2.7,-0.2
258,24.9,0.611,0.335,23.9,2.9,0.8,3.7,0.22,4.4,-2.3,2,0.8
259,10.5,0.508,0.284,14.4,0.3,0.4,0.7,0.061,-2.1,0.5,-1.7,0
260,8.6,0.473,0.307,14,0.4,0.3,0.7,0.027,-3,-0.3,-3.3,-0.4
261,15.1,0.519,0.444,18.4,1.6,2.2,3.8,0.114,-1.1,0.6,-0.5,0.6
262,10,0.506,0.2,14.6,0.1,0,0.1,0.033,-1.4,-0.9,-2.2,0
263,2.8,0.222,0.8,9.8,-0.1,0,0,-0.058,-4.4,-1.3,-5.7,0
264,8.5,0.41,0.5,15.7,0,0,0,0.061,-2.5,-3.5,-6,0
265,17.1,0.543,0.251,25.9,2,2.5,4.5,0.106,1.9,-0.3,1.6,1.9
265,18.5,0.556,0.26,26.6,2,2.4,4.4,0.124,2.5,0,2.5,1.9
265,10.5,0.472,0.203,22.6,0,0.1,0.1,0.016,-1.2,-1.7,-2.9,-0.1
266,14.8,0.699,0.197,14.4,5,2.4,7.5,0.148,2.4,0.4,2.8,3
267,14.2,0.53,0.237,15.8,0.8,2.5,3.3,0.118,-2,0.7,-1.2,0.2
268,12.9,0.727,0.333,11.3,0.2,0.1,0.3,0.171,-2.3,0.8,-1.4,0
269,14.9,0.538,0.22,20.5,1,0.7,1.6,0.123,0.9,0.8,1.6,0.6
270,14.9,0.578,0.407,18.1,2.3,0.5,2.8,0.112,-0.5,-1.7,-2.3,-0.1
271,10.9,0.504,0.181,13.6,0.8,0.9,1.7,0.045,-3,0.2,-2.8,-0.4
272,10.5,0.459,0.315,19.9,-0.2,0.3,0.1,0.012,-4.8,-0.8,-5.6,-0.2
273,11.3,0.515,0.261,22,-0.7,0,-0.7,-0.018,-2.2,-2.5,-4.6,-1.3
274,18.5,0.526,0.392,20.6,6,1,7,0.126,3,-0.9,2.2,2.8
275,6.3,0.426,0.229,24.8,-0.6,0,-0.6,-0.112,-4.3,-3.8,-8.1,-0.4
275,-22.5,0.073,0.333,36,-0.2,0,-0.2,-0.72,-21.2,-10.2,-31.4,-0.1
275,7.6,0.45,0.222,24.3,-0.4,0,-0.4,-0.083,-3.5,-3.5,-7,-0.3
276,11.5,0.555,0.201,15.2,2.5,2.4,4.8,0.099,-1,0.5,-0.5,0.9
277,17.8,0.541,0.332,19.6,1.6,1.6,3.2,0.168,0.1,0.8,0.9,0.7
278,-19.7,0,0,21.8,0,0,0,-0.527,-18,-9.7,-27.6,0
279,13.5,0.542,0.295,13.7,1.2,2.1,3.4,0.107,-2.8,1,-1.8,0.1
280,22,0.567,0.307,23,4.2,4.4,8.6,0.204,2.8,3.1,5.9,4.1
281,14.8,0.631,0.131,15.8,1.6,1.2,2.8,0.158,0.1,0.5,0.6,0.6
282,11.9,0.478,0.216,18.6,0.2,1.2,1.3,0.078,-2.5,-0.3,-2.8,-0.1
283,20.7,0.56,0.293,26.9,7.3,3.3,10.6,0.174,4.3,0.3,4.7,4.9
284,15.6,0.539,0.41,21.9,1.8,0.8,2.7,0.068,0.1,-0.5,-0.4,0.8
285,12.9,0.529,0.23,15.9,1.5,1.8,3.3,0.107,-1.4,0.6,-0.8,0.4
286,22.7,0.558,0.278,26.3,4.7,2.2,7,0.159,1.8,-0.7,1.2,1.6
287,16.2,0.574,0.291,15.5,3.2,1.9,5.1,0.15,0.1,0.1,0.1,0.9
288,18.8,0.562,0.337,21.7,5.8,2.9,8.7,0.165,3.2,-0.4,2.7,3
289,19.3,0.527,0.299,25.4,5.1,2,7.1,0.141,3.2,-0.1,3,3.1
290,-0.7,0,0,7.6,0,0,0,-0.057,-13.4,8.7,-4.7,0
291,13,0.461,0.048,19.9,0.2,0.1,0.3,0.058,-0.2,-2,-2.2,0
292,13.2,0.489,0.106,19.5,0.5,0.8,1.3,0.075,-0.7,-1,-1.7,0.1
293,10.8,0.516,0.481,12.5,0.1,2,2.1,0.09,-3.6,1.2,-2.5,-0.1
294,5.9,0.362,0.364,13.1,-0.3,0.2,-0.1,-0.031,-4.7,-0.1,-4.8,-0.1
295,11,0.489,0.127,12.9,0.8,0.9,1.7,0.074,-0.9,-0.1,-1,0.3
296,12.4,0.562,0.089,15.1,0.3,0.5,0.8,0.088,-0.7,-0.1,-0.8,0.1
297,1.6,0.34,0,13,-0.3,0.1,-0.2,-0.053,-6.6,-0.6,-7.2,-0.3
298,10,0.437,0.091,11.2,0,0.2,0.2,0.086,-4.4,2.2,-2.2,0
299,16.7,0.549,0.309,26.6,2,-0.1,1.9,0.069,1.7,-2.4,-0.7,0.4
300,16.1,0.586,0.193,19.8,4,2.2,6.2,0.147,2,1.1,3.1,2.6
301,10.4,0.455,0.37,13.1,0.1,1.2,1.4,0.074,-3.8,0.6,-3.2,-0.3
302,13.5,0.529,0.198,23.6,0.9,1.9,2.8,0.079,-0.2,-0.4,-0.6,0.6
303,10.6,0.466,0.256,18.3,-0.9,2,1.1,0.027,-2.7,-0.1,-2.8,-0.4
304,17.7,0.564,0.568,19.4,0.2,0.3,0.5,0.177,-2.1,-0.2,-2.3,0
305,12.5,0.496,0.179,18.2,0.8,0.5,1.4,0.045,-0.9,-1.1,-2,0
306,13.1,0.534,0.2,20.5,0.7,1.1,1.8,0.089,-1.3,0.8,-0.6,0.4
307,10.6,0.494,0.306,19.3,-0.9,1.5,0.6,0.02,-3.1,0.3,-2.8,-0.3
307,10.8,0.499,0.313,19.2,-0.8,1.4,0.6,0.023,-3,0.3,-2.6,-0.2
307,4.6,0.346,0.133,22.2,-0.1,0,0,-0.061,-7.2,-1.9,-9.2,-0.1
308,6.1,0.48,0.14,18.3,-0.3,0.2,0,-0.005,-4.1,-1.9,-6,-0.3
309,16.6,0.55,0.242,19,0.6,0.7,1.3,0.127,-1.4,-0.5,-1.9,0
310,14.4,0.567,0.418,18.9,0.1,0.3,0.4,0.071,-2.6,-0.2,-2.8,-0.1
310,16.7,0.597,0.475,19.2,0.2,0.2,0.4,0.109,-1.8,0.6,-1.2,0
310,6.8,0.455,0.222,17.7,-0.1,0,-0.1,-0.052,-5,-2.7,-7.7,-0.1
311,10.4,0.552,0.193,17.2,1.7,0.8,2.5,0.045,-1.3,-0.9,-2.2,-0.2
312,1.2,0.379,0.182,20.6,-0.2,0.1,-0.1,-0.149,-10.5,1.4,-9.1,-0.1
313,10.2,0.613,0.245,12.8,0.1,0.3,0.4,0.07,-3,0.2,-2.8,-0.1
314,14.1,0.548,0.3,20.1,2.2,0.9,3.1,0.103,-0.3,-0.2,-0.5,0.5
315,0.5,0.15,0,23.3,-0.2,0,-0.2,-0.238,-8,-3.2,-11.3,-0.1
316,15.6,0.563,0.18,19.9,3.2,3.5,6.7,0.135,0.5,1.1,1.6,2.2
317,14.1,0.525,0.195,23.9,1.3,2.3,3.6,0.093,0.8,0,0.9,1.3
318,13.3,0.548,0.266,15.3,1.4,0.8,2.2,0.084,-1.1,-1,-2.1,0
318,14.3,0.575,0.275,14.8,1,0.6,1.6,0.124,-0.6,0,-0.5,0.2
318,12.3,0.522,0.257,15.8,0.3,0.2,0.6,0.043,-1.6,-2,-3.6,-0.3
319,-5.1,0.143,0,8.5,-0.1,0,-0.1,-0.122,-9.9,-1.4,-11.3,-0.1
320,4.6,0.471,0.035,8.9,-0.1,0.5,0.4,0.028,-3.7,0.3,-3.4,-0.2
321,7.4,0.338,0.289,17.8,-0.2,0.2,-0.1,-0.03,-4.4,0.6,-3.8,-0.1
321,11.1,0.372,0.611,18.7,-0.1,0.1,0,0.01,-2.5,2.5,-0.1,0
321,3.6,0.3,0,16.8,-0.1,0,-0.1,-0.072,-6.4,-1.3,-7.7,-0.1
322,13,0.496,0.119,22.1,0.6,0.9,1.4,0.087,0,-0.2,-0.3,0.4
323,7.9,0.45,0.361,17,-1,1.4,0.4,0.02,-5.1,2.1,-3.1,-0.3
324,20,0.565,0.362,23.8,4,4.3,8.3,0.166,1.7,1.7,3.4,3.3
325,17.9,0.556,0.455,22.8,3,2.7,5.7,0.165,1.4,1,2.3,1.8
326,8.7,0.431,0.1,13.4,-0.1,0.2,0.1,0.04,-4.9,0.4,-4.5,-0.1
327,21.2,0.549,0.394,23.9,4,2.8,6.8,0.153,2,0,2,2.1
328,10.3,0.504,0.144,14.4,0.3,0.5,0.8,0.08,-2.7,1.1,-1.5,0.1
329,40.8,1,0,22,0,0,0,0.431,8.7,8.5,17.2,0
330,6.7,0.377,0.085,20,-0.5,0.1,-0.4,-0.068,-4.3,-2.1,-6.4,-0.3
331,13.7,0.52,0.148,19,2.2,1.8,4,0.093,0.1,0,0.1,1.1
332,15.8,0.523,0.211,23.3,1.8,2.7,4.6,0.085,-0.5,0.2,-0.3,1.1
333,14.8,0.604,0.145,16.5,4.4,1.2,5.7,0.151,1.9,-0.1,1.8,1.7
334,14.4,0.553,0.237,19.1,2.4,2.3,4.7,0.11,-0.4,-0.1,-0.5,0.8
335,16.6,0.594,0.382,16.9,3.5,2.2,5.7,0.133,-0.6,-0.1,-0.7,0.7
335,13.8,0.554,0.371,15.3,0.9,0.9,1.8,0.096,-1.9,-0.1,-1.9,0
335,18.7,0.621,0.389,18.1,2.5,1.3,3.9,0.161,0.4,-0.1,0.3,0.7
336,19.9,0.556,0.365,25.3,2.1,-0.1,2,0.11,3.5,-2.7,0.7,0.6
337,1.1,0.51,0.4,24.9,-0.1,0,-0.1,-0.171,-9.6,-2.3,-11.9,0
337,-41.7,0,0,45.8,0,0,0,-1.046,-36,-20.3,-56.3,0
337,3.6,0.615,0.5,23.7,-0.1,0,0,-0.12,-8.1,-1.2,-9.3,0
338,18,0.608,0.166,16.7,1.2,0.7,1.9,0.179,0.3,-0.2,0.1,0.3
339,9.3,0.517,0.246,15.5,-0.3,0.8,0.5,0.024,-2.7,-0.5,-3.2,-0.3
340,11.1,0.483,0.268,23.8,-0.2,0.8,0.6,0.023,-2.1,-1.3,-3.4,-0.5
340,9.9,0.466,0.256,24.4,-0.6,0.7,0.1,0.006,-2.7,-1.5,-4.3,-0.6
340,15.1,0.544,0.314,21.8,0.4,0,0.4,0.08,0.2,-0.7,-0.5,0.1
341,12.1,0.503,0.071,19.5,0.6,0.8,1.4,0.047,-0.1,-0.9,-1,0.4
341,9.9,0.501,0.049,15.7,0.3,0.3,0.6,0.047,-0.5,-0.9,-1.4,0.1
341,8.7,0.323,0.22,19.5,-0.2,0.2,0,-0.015,-4.2,0.3,-3.9,-0.1
341,14.5,0.53,0.063,22.7,0.5,0.3,0.8,0.058,1,-1,0,0.3
342,10.3,0.483,0.132,20.8,-0.2,0.3,0.1,0.007,-3.4,-1.6,-4.9,-0.4
343,15.3,0.482,0.407,13.7,2.4,3.1,5.6,0.13,0.1,2,2.1,2.1
344,15,0.493,0.352,17,-0.2,4.2,4,0.083,-2.6,2.3,-0.3,1
345,5.2,0.307,0.5,23.1,-0.1,0.1,0,-0.071,-10,-0.6,-10.5,0
346,8.6,0.554,0.036,14.1,0.2,0.1,0.3,0.075,-0.1,-1.8,-1.9,0
346,14.5,0.669,0.057,16.4,0.3,0.1,0.4,0.162,3.6,-1.2,2.4,0.1
346,1.3,0.357,0,11.3,-0.1,0,-0.1,-0.032,-4.7,-2.5,-7.2,-0.1
347,19.2,0.56,0.272,24.9,5.2,2,7.2,0.152,2.7,-0.5,2.2,2.4
348,14.8,0.483,0.345,20.7,-0.2,1.8,1.6,0.069,-3.7,0.9,-2.8,-0.2
349,3.8,0.379,0.225,19.2,-0.8,0.3,-0.5,-0.063,-7.3,-2.2,-9.5,-0.7
350,14.8,0.55,0.236,17.7,0.5,1.1,1.6,0.091,-1.7,1.5,-0.3,0.4
351,15.9,0.527,0.295,25.2,1.5,2,3.5,0.065,-0.1,-0.3,-0.4,1.1
352,15.9,0.558,0.258,21.1,1.5,2.1,3.6,0.12,-0.5,0.9,0.4,0.8
353,22.8,0.771,0.571,12.7,0.2,0,0.3,0.197,2.8,-1.4,1.4,0.1
354,15.6,0.506,0.302,19.1,1.3,2.9,4.2,0.116,-0.4,0.8,0.4,1
355,7.8,0.444,0.091,14.2,-0.4,0.9,0.5,0.029,-2.4,0.4,-2,0
356,14.9,0.571,0.057,24.3,0.1,0,0.2,0.113,3.1,-1.3,1.8,0.1
357,14.5,0.527,0.251,20.7,0.4,1,1.3,0.088,-0.1,-0.4,-0.5,0.3
358,15.9,0.539,0.2,24.5,2.4,1.7,4.1,0.1,0.1,-1.4,-1.3,0.3
359,16.3,0.567,0.233,20.6,3.8,1.7,5.5,0.121,2,-0.4,1.6,2
360,14.6,0.568,0.15,13.1,4.4,1.7,6.1,0.137,2.3,0.2,2.5,2.4
361,26,0.596,0.274,23.7,12.9,3.2,16.1,0.27,6.4,1.6,8,7.2
362,7.7,0.443,0.209,17,-0.7,0.2,-0.5,-0.033,-5,-2,-6.9,-0.9
362,2.9,0.317,0.286,19,0,0,0,-0.039,-8.7,-1.9,-10.6,0
362,7.8,0.448,0.207,16.9,-0.6,0.2,-0.5,-0.033,-4.9,-2,-6.8,-0.9
363,13.8,0.456,0.302,18.3,0,2.3,2.3,0.044,-1.5,0.3,-1.2,0.5
364,16.6,0.502,0.393,23.1,0.9,0.2,1.2,0.069,0.3,-2.3,-2,0
365,7,0.467,0.366,13.6,-1.2,1.3,0.1,0.006,-5.5,0.1,-5.4,-1
365,7.4,0.461,0.403,12.9,-0.8,1.2,0.3,0.017,-5,0.3,-4.6,-0.7
365,4.7,0.494,0.195,17.7,-0.4,0.2,-0.2,-0.059,-8.6,-1.1,-9.7,-0.3
366,15.2,0.58,0.32,19.9,3.2,2.3,5.5,0.138,1.2,0.3,1.5,1.7
367,18,0.57,0.648,19.2,2.5,2.3,4.8,0.131,-0.2,0.3,0.1,0.9
368,13.4,0.536,0.181,12,0.9,1.7,2.6,0.103,-1.5,1,-0.6,0.4
368,13.1,0.55,0.195,11.2,0.8,1.4,2.1,0.102,-1.7,1,-0.7,0.3
368,15,0.488,0.136,16.3,0.1,0.3,0.4,0.107,-0.8,0.8,0.1,0.1
369,9.9,0.55,0.215,13.8,2.1,0.8,2.9,0.078,-1.1,-1,-2.1,0
369,7.1,0.452,0.222,13.4,0.2,0.4,0.6,0.051,-2.9,-1,-3.9,-0.3
369,11.1,0.592,0.212,13.9,1.9,0.4,2.3,0.089,-0.3,-0.9,-1.3,0.2
370,11.6,0.523,0.202,15.1,1,1.8,2.7,0.092,-1.1,0.6,-0.5,0.6
371,13.8,0.552,0.493,17.5,0.3,0.3,0.6,0.122,-1.7,0.7,-1,0.1
371,34.9,0.765,0.4,38.3,0,0,0,0.138,4,8.9,12.9,0
371,13,0.535,0.5,16.6,0.3,0.2,0.6,0.121,-1.9,0.3,-1.6,0
372,11.8,0.453,0.282,17.3,0,0.7,0.8,0.06,-2.2,1,-1.2,0.1
373,12,0.451,0.175,22.5,0,0.2,0.3,0.041,-0.3,-1.1,-1.4,0
373,17.1,0.542,0.202,25.1,0.3,0.2,0.5,0.123,3.7,-0.8,3,0.2
373,7.7,0.3,0.176,20.6,-0.2,0.1,-0.1,-0.051,-4.6,-1.3,-5.9,-0.1
373,-1.6,0.214,0,15,-0.1,0,-0.1,-0.14,-9.5,-2.3,-11.8,-0.1
374,10.2,0.455,0.202,13.4,0.2,0.6,0.7,0.036,-3.5,0.9,-2.6,-0.1
375,12.2,0.557,0.18,11.6,1.3,1,2.3,0.092,-1.4,1.3,0,0.6
375,12.7,0.583,0.161,12.7,0.7,0.5,1.2,0.075,-1,1,0.1,0.4
375,11.4,0.496,0.224,9.6,0.6,0.5,1.1,0.127,-2.1,1.9,-0.2,0.2
376,12,0.504,0.162,15,1.3,1.2,2.5,0.086,-0.4,-0.2,-0.6,0.5
376,10.6,0.484,0.164,15.4,0.4,0.6,1,0.073,-0.9,-0.8,-1.6,0.1
376,16.9,0.616,0.102,14.5,0.5,0.2,0.7,0.165,2.6,1.4,4,0.3
376,11.8,0.486,0.181,14.7,0.4,0.4,0.9,0.072,-1,-0.1,-1.2,0.1
377,3.3,0.45,0.25,20.9,0,0,0,-0.057,-11.8,-3.2,-15,-0.1
378,-7.5,0.258,0.667,15.5,-0.1,0,-0.1,-0.276,-9.6,-5.6,-15.1,0
379,7.2,0.298,0.343,15.1,-0.2,0.2,0,-0.004,-4.6,-1.1,-5.7,-0.1
379,6.1,0.289,0.4,13.7,-0.1,0.1,0,-0.008,-4.8,-1.2,-6,-0.1
379,11.4,0.322,0.2,20.8,0,0.1,0,0.012,-3.7,-0.7,-4.4,0
380,19.5,0.538,0.32,24.3,3.4,3.8,7.2,0.149,1.4,-0.1,1.3,1.9
381,16.2,0.622,0.216,21,5.8,0.9,6.7,0.134,2.9,-1.6,1.3,2
382,-3.6,0.312,0.4,20.7,-0.1,0,-0.1,-0.121,-12.1,-3.8,-15.9,-0.1
383,11.7,0.458,0.124,21.3,0,0.4,0.4,0.045,-0.9,-0.4,-1.3,0.1
384,10,0.507,0.119,14.8,0.3,0.3,0.6,0.042,-2.8,-0.5,-3.3,-0.2
385,10.3,0.481,0.254,17.9,0.5,1,1.5,0.046,-2.5,-0.3,-2.8,-0.3
385,10.1,0.472,0.32,16.7,0.4,0.3,0.7,0.046,-2.5,-0.5,-3,-0.2
385,10.6,0.488,0.201,19,0.1,0.7,0.8,0.046,-2.6,-0.1,-2.7,-0.1
386,9.1,0.513,0.239,9,0.5,1.6,2.1,0.079,-2.4,1.7,-0.7,0.4
387,11.7,0.495,0.164,18.6,0.6,1.2,1.8,0.064,-1.5,-0.2,-1.7,0.1
388,8.5,0.471,0.358,14.9,0,0.1,0.1,0.012,-3,-2.3,-5.4,-0.2
388,8.2,0.467,0.667,13.9,0,0,0,0.009,-3.2,-2.2,-5.4,-0.1
388,8.6,0.473,0.186,15.5,0,0.1,0,0.013,-2.9,-2.4,-5.4,-0.1
389,10.6,0.432,0.18,22.5,0,0.2,0.3,0.021,-1.8,-1.2,-3,-0.1
389,10.6,0.433,0.196,22.6,0.1,0.1,0.2,0.024,-1.7,-1.4,-3.1,-0.1
389,10.4,0.429,0.118,22.1,-0.1,0.1,0,0.012,-1.9,-0.8,-2.7,0
390,15.3,0.502,0.408,20.2,0,1.4,1.5,0.089,-2.3,0.3,-2,0
390,11,0.513,0.527,16.6,-0.3,0.8,0.5,0.059,-4.6,1.4,-3.3,-0.1
390,19.3,0.496,0.343,23.6,0.3,0.7,1,0.118,0,-0.7,-0.7,0.1
391,13.5,0.448,0.121,19.5,-0.7,2.3,1.6,0.037,-1.1,0.3,-0.8,0.6
391,15.4,0.422,0.18,18.2,-0.2,1.1,0.9,0.064,-0.5,0.9,0.4,0.4
391,12.4,0.46,0.094,20.3,-0.5,1.2,0.6,0.023,-1.4,-0.1,-1.5,0.2
392,15.9,0.493,0.224,31.7,0,1.2,1.2,0.038,1.6,-2.2,-0.6,0.6
393,11.2,0.519,0.074,18.3,1.3,1,2.4,0.054,-0.1,-1.3,-1.4,0.3
394,15.2,0.452,0.324,20,0.1,0.4,0.5,0.033,-0.3,0.2,-0.1,0.3
395,8.2,0.591,0.087,13.8,0.6,0.7,1.3,0.061,-1.7,-0.6,-2.3,-0.1
396,0.8,0.255,0.204,11.2,-0.7,0.4,-0.3,-0.056,-7.1,-0.3,-7.3,-0.4
397,10.9,0.449,0.268,14.8,0.3,0.6,0.8,0.035,-2.9,-0.6,-3.5,-0.4
398,5.1,0.422,0.083,9.3,0,0.1,0.1,0.017,-4.3,0.9,-3.3,-0.1
399,9.4,0.498,0.272,17.9,-0.5,1.1,0.6,0.025,-4.2,0,-4.2,-0.6
400,15.2,0.507,0.279,17,0.4,1.2,1.6,0.132,-2.4,1.4,-1,0.2
401,15.7,0.516,0.269,27,1.1,1.4,2.5,0.08,-0.1,-1.2,-1.3,0.2
402,16.8,0.515,0.352,22.8,1.7,2.7,4.4,0.126,-0.5,0.2,-0.3,0.7
403,15.1,0.543,0.17,21.4,1.6,1.1,2.7,0.115,0.6,-1.1,-0.5,0.4
404,13.8,0.506,0.233,14.6,0.8,1.7,2.5,0.121,-0.8,1.8,1,0.8
405,12.5,0.535,0.182,21.5,0,1.7,1.7,0.066,-4.1,0.3,-3.8,-0.6
406,11.1,0.49,0.518,18.7,0.4,0.7,1.1,0.044,-1.8,-0.9,-2.7,-0.2
406,8.1,0.442,0.481,18.7,-0.4,0.1,-0.3,-0.025,-3.2,-1.9,-5.1,-0.5
406,14.7,0.547,0.563,18.6,0.8,0.6,1.4,0.125,-0.2,0.3,0.1,0.3
407,11.4,0.497,0.136,17.4,0.1,1.4,1.5,0.047,-1.5,0.7,-0.9,0.4
407,11.9,0.484,0.172,20.1,-0.1,0.3,0.3,0.02,-1.7,-0.3,-2,0
407,11.1,0.508,0.105,15.6,0.1,1.1,1.2,0.065,-1.5,1.4,-0.1,0.4
408,19.5,0.541,0.448,26.3,1.7,0.5,2.2,0.135,3.7,-0.8,2.9,0.9
408,20,0.545,0.438,26.5,0.7,0.2,0.9,0.16,3.4,-0.7,2.7,0.3
408,9.3,0.503,0.458,24.9,0,0,0,0.013,-2.5,-4.1,-6.7,-0.1
408,20.5,0.544,0.453,26.3,0.9,0.2,1.2,0.135,4.8,-0.4,4.4,0.7
409,14.5,0.521,0.273,20.6,0.5,1.5,2.1,0.072,-2.1,-0.7,-2.8,-0.3
410,8.5,0.512,0.117,13.2,0.9,1.2,2,0.056,-2.1,0,-2.1,0
410,9.4,0.526,0.103,14,0.8,0.8,1.6,0.061,-1.6,-0.1,-1.7,0.1
410,5.8,0.461,0.167,11,0,0.4,0.4,0.041,-3.4,0.2,-3.2,-0.1
411,13.1,0.503,0.217,18.6,0.9,1.1,2,0.085,0,-0.1,-0.1,0.5
412,11,0.491,0.266,15.1,0.7,2.2,2.9,0.077,-1.9,1.5,-0.5,0.7
413,10.2,0.605,0.796,9.5,0.5,0.3,0.8,0.108,-3.1,0.5,-2.6,-0.1
414,12.3,0.431,0.155,24.6,-0.9,0.8,-0.1,-0.006,-1.6,-0.9,-2.5,-0.1
414,9,0.378,0.2,16.1,-0.1,0.1,0,0.014,-3.1,-0.1,-3.1,0
414,13,0.439,0.149,26.5,-0.8,0.6,-0.1,-0.01,-1.3,-1.1,-2.4,-0.1
415,13.6,0.538,0.095,19.3,2.2,1.5,3.7,0.085,0.7,0,0.7,1.5
415,11.5,0.487,0.155,23.3,-0.2,0.1,-0.1,-0.008,-0.9,-1.9,-2.8,-0.1
415,14.5,0.565,0.065,17.6,2.4,1.3,3.8,0.124,1.4,0.8,2.2,1.6
416,12,0.497,0.258,19.7,0.5,0.7,1.2,0.032,-2.4,-1.4,-3.8,-0.8
417,14.9,0.467,0.258,24.8,-1.1,3.4,2.3,0.048,-0.6,1.2,0.7,1.6
417,14.3,0.417,0.284,25.3,-1.1,1.3,0.2,0.012,-0.7,2.2,1.5,0.8
417,15.2,0.5,0.242,24.5,-0.1,2.2,2.1,0.071,-0.5,0.7,0.2,0.8
418,5.2,0.488,0.52,30.1,-0.2,0.1,-0.1,-0.094,-7.6,-1.2,-8.8,-0.1
418,-16.6,0.25,0,26.7,-0.3,0,-0.3,-0.477,-18.9,-6.3,-25.2,-0.2
418,22.7,0.603,0.867,32.8,0.1,0.1,0.2,0.214,1.5,2.9,4.4,0.1
419,10.2,0.55,0.148,14.1,1.2,1.2,2.4,0.082,-1.3,-0.1,-1.4,0.2
420,19.5,0.546,0.276,29.1,2.2,1.8,4,0.158,-0.9,-1.1,-1.9,0
421,18.9,0.601,0.396,18.4,2.3,1.7,4,0.189,0.8,1.5,2.3,1.1
422,7.5,0.492,0.216,14.2,0.3,0.2,0.5,0.021,-2.4,-1,-3.3,-0.4
423,8.8,0.419,0.2,21.1,-2.7,1.8,-0.9,-0.026,-4.3,-0.1,-4.5,-1
424,7.8,0.717,0.5,11.5,0,0,0.1,0.05,-5,-0.9,-6,-0.1
425,10.8,0.463,1,16.9,0,0,0,-0.014,-2.2,-1.7,-3.9,0
426,18.6,0.578,0.757,20.5,0.3,0.2,0.5,0.186,-1.3,0.1,-1.1,0
427,20.3,0.595,0.38,23.8,2.6,1,3.6,0.138,1,-0.9,0.1,0.7
427,19.5,0.589,0.408,22.9,1.5,0.7,2.2,0.12,0.3,-0.9,-0.6,0.3
427,22.3,0.605,0.33,25.8,1.1,0.3,1.4,0.181,2.7,-0.8,1.9,0.4
428,15.4,0.528,0.286,23.4,1.9,2.2,4,0.103,0.1,0.2,0.3,1.1
429,17.9,0.503,0.182,23.6,1.9,2.1,4,0.123,1.3,-0.2,1.1,1.2
430,8.2,0.481,0.36,16,-0.1,0.4,0.3,0.034,-4.2,-0.6,-4.9,-0.3
431,20.6,0.566,0.36,25.3,5,2.8,7.7,0.166,2.7,0.3,2.9,2.8
432,10.7,0.5,0.144,20.1,-0.3,0.8,0.5,0.026,-1,-0.6,-1.7,0.1
433,11.4,0.479,0.272,20.8,0.2,0.2,0.4,0.063,-1,-0.4,-1.4,0.1
434,10.9,0.534,0.282,13.9,0.4,1.1,1.5,0.1,-2,2.6,0.6,0.5
435,11.4,0.579,0.108,14.3,2,1.5,3.6,0.104,-0.1,0.6,0.5,1
436,20.6,0.579,0.437,27.8,5,1.1,6.1,0.169,4.1,-0.9,3.2,2.3
436,19.7,0.579,0.412,25.8,3.2,0.7,4,0.162,3.2,-0.8,2.5,1.4
436,22.3,0.579,0.481,32.1,1.8,0.3,2.1,0.185,6,-1.3,4.6,0.9
437,8,0.456,0.224,17,-0.9,0.4,-0.4,-0.014,-3.9,-1.7,-5.6,-1.3
437,6.6,0.402,0.262,15.1,-0.2,0.3,0,0.005,-4,-0.7,-4.7,-0.3
437,8.6,0.478,0.209,17.8,-0.6,0.2,-0.5,-0.022,-3.8,-2.1,-5.9,-1
438,8.2,0.492,0.325,13.2,-0.1,0.2,0.1,0.023,-5.3,-1.7,-7,-0.2
439,31.4,1.064,2,12.3,0.1,0,0.1,0.477,11.2,7.3,18.5,0
440,10.9,0.538,0.164,15.9,1.3,1.3,2.6,0.07,-1.6,-0.3,-1.8,0.1
441,10.2,0.5,0.334,12.7,0.9,1.5,2.4,0.057,-2.6,-0.2,-2.8,-0.4
442,20.8,0.591,0.197,27.6,5.7,3.1,8.8,0.172,4.5,-0.1,4.4,4
443,15.6,0.58,0.508,14,4.7,2.1,6.8,0.148,0.1,-1.4,-1.2,0.4
444,15,0.514,0.162,24.1,0.6,0.7,1.2,0.083,1.6,-0.4,1.2,0.6
444,15.8,0.531,0.167,23.9,0.8,0.6,1.4,0.104,2.5,-0.5,2,0.7
444,8.3,0.379,0.125,25.6,-0.2,0.1,-0.1,-0.077,-5.3,0.4,-4.9,-0.1
445,11.1,0.569,0.176,14.7,1.8,0.9,2.7,0.092,-0.6,-0.8,-1.4,0.2
445,7.8,0.522,0.081,14.2,0.1,0.2,0.2,0.04,-1.3,-1.2,-2.5,0
445,11.8,0.58,0.197,14.8,1.8,0.8,2.5,0.104,-0.4,-0.7,-1.1,0.3
446,12.5,0.541,0.24,13.9,2.2,2.7,4.9,0.098,-0.7,1,0.4,1.4
447,4.3,,,0,0,0,0,0.009,-1.3,-1.8,-3.2,0
448,10.5,0.602,0.059,14.2,0.6,0.6,1.2,0.081,-0.1,-0.1,-0.2,0.3
449,12.8,0.482,0.189,19.5,-0.3,2.8,2.5,0.054,-1.8,0.8,-1,0.6
450,11.6,0.519,0.375,12.3,0,0.2,0.3,0.101,-3.9,2.7,-1.2,0
451,15.4,0.55,0.202,19.6,2,1.6,3.6,0.115,0.3,0.3,0.5,0.9
452,20.6,0.623,0.423,19.1,5.8,2.4,8.2,0.189,1.4,-0.9,0.5,1.3
453,17.7,0.58,0.225,18.1,1.2,0.7,1.9,0.145,0.6,0,0.6,0.4
454,12.6,0.514,0.091,19.8,1.9,0.9,2.8,0.066,0.4,-1.4,-1,0.5
455,17.4,0.534,0.097,26.7,0.6,0.7,1.4,0.096,2.7,-1.2,1.5,0.6
456,13.2,0.475,0.342,17.3,0.1,0.4,0.5,0.085,-2.1,-0.9,-3.1,-0.1
457,21.5,0.548,0.181,26,4.5,2.5,7,0.133,2,-1.2,0.9,1.8
458,21.4,0.534,0.341,34.7,2.1,1.4,3.5,0.086,3.5,-1.4,2.1,2.1
459,10.9,0.46,0.182,22.5,-0.6,1.7,1.1,0.025,-2.5,-0.8,-3.3,-0.7
459,12.2,0.468,0.175,24,-0.3,0.7,0.5,0.029,-2.6,0,-2.6,-0.1
459,10.1,0.455,0.185,21.7,-0.3,1,0.7,0.023,-2.5,-1.2,-3.7,-0.6
460,8,0.497,0.107,15,-0.1,0.6,0.5,0.039,-2.5,0.4,-2,0
461,17.6,0.486,0.288,25.9,1.8,2.6,4.5,0.101,1.7,0.6,2.3,2.3
462,19.9,0.523,0.31,26.1,3.6,4.2,7.8,0.132,2.6,1,3.6,4
463,6.2,0.431,0.441,9,-0.3,0.4,0.1,0.014,-4.5,1.4,-3.1,-0.1
464,14,0.551,0.089,17.8,0.7,0.4,1.1,0.085,-0.6,-0.4,-0.9,0.2
465,15.4,0.581,0.4,18.8,2.2,1.8,4,0.135,0.6,0.8,1.3,1.2
466,2.4,0,0,12.6,0,0,0,-0.11,-3.2,-6.2,-9.4,0
467,8.5,0.451,0.124,17.5,-0.5,0.2,-0.3,-0.02,-3.4,-2.1,-5.5,-0.6
468,5.9,0.445,0.703,18.2,-0.3,0.3,0,0,-4.4,-1.2,-5.6,-0.3
469,16,0.508,0.235,21,1.4,2.8,4.3,0.108,0.3,1.3,1.6,1.7
470,29.1,0.536,0.445,38.4,7.5,3.2,10.6,0.222,6.9,1.2,8.1,5.8
471,26.2,0.619,0.403,21.1,2.8,2.4,5.3,0.221,2.5,1.6,4.1,1.8
472,20,0.547,0.548,23.9,0.3,0.2,0.4,0.2,-0.3,0.7,0.4,0.1
473,13.9,0.517,0.41,22.6,2.1,0,2.1,0.034,-0.4,-2,-2.4,-0.3
474,8.5,0.527,0.053,21.8,-0.1,0.1,0,-0.024,-3,-1.8,-4.9,-0.1
475,15.7,0.504,0.313,22.3,2.3,1.3,3.6,0.083,1.1,-0.9,0.2,1.2
476,12.8,0.54,0.404,18.9,1.7,0.4,2.1,0.069,-0.3,-1.6,-2,0
477,8.7,0.477,0.108,16.4,0,0.1,0.1,0.039,-2.7,-0.2,-2.8,0
477,14.4,0.648,0.154,19.5,0,0,0.1,0.09,3.1,0.6,3.6,0.1
477,5.6,0.382,0.083,14.7,0,0,0,0.012,-5.8,-0.6,-6.4,-0.1
478,19.9,0.564,0.426,27,5.4,1.1,6.6,0.157,3.5,-0.9,2.6,2.3
479,11.8,0.541,0.176,13.3,1.5,2.9,4.3,0.102,-1.4,1.4,0,1
480,15.4,0.512,0.217,25.2,1.6,0.6,2.1,0.052,1.5,-2.3,-0.8,0.6
480,14.4,0.511,0.21,22.7,0.9,-0.2,0.7,0.031,0.8,-3,-2.2,-0.1
480,16.9,0.512,0.225,28.8,0.7,0.7,1.4,0.08,2.5,-1.3,1.1,0.6
481,10.5,0.454,0.103,18.5,0.1,0.1,0.2,0.083,-2,-0.9,-3,0
482,10.5,0.537,0.133,14.9,1.1,0.8,1.9,0.084,-1.4,-0.6,-2,0
482,11.2,0.574,0.138,14.1,1.3,0.7,2,0.102,-0.7,-0.5,-1.2,0.2
482,6.7,0.388,0.117,19.1,-0.2,0.1,-0.1,-0.021,-5.3,-1.4,-6.6,-0.2
483,17.6,0.57,0.781,17.3,0.5,0.3,0.8,0.149,-0.4,-0.1,-0.5,0.1
484,4.6,0.352,0.105,13.3,-0.4,0.2,-0.2,-0.036,-6,0.2,-5.8,-0.2
484,5.4,0.382,0.129,11.3,-0.1,0.2,0.1,0.018,-5.3,0.8,-4.6,-0.1
484,3.5,0.316,0.077,16,-0.3,0.1,-0.2,-0.109,-6.9,-0.6,-7.5,-0.1
485,20.4,0.66,0.309,13.6,4.3,1.8,6.1,0.202,2.1,1.6,3.7,2.1
485,25.7,0.762,0.356,14.9,2.2,0.6,2.9,0.274,4.3,1.2,5.6,1
485,15,0.571,0.19,14.1,0.1,0.1,0.2,0.106,0.1,0.8,1,0.1
485,17.8,0.6,0.29,12.8,2,1.1,3,0.17,1,1.9,2.9,1
486,13.4,0.525,0.221,17.1,0.7,0.8,1.6,0.128,0.3,1.5,1.8,0.6
487,14.9,0.494,0.415,30.5,-0.6,0.9,0.3,0.014,0,-1.2,-1.2,0.2
488,8.5,0.457,0.284,15.8,0.1,0.3,0.3,0.047,-2.5,-0.9,-3.4,-0.1
489,14.2,0.52,0.311,26,1.1,0.1,1.2,0.058,0.8,-2.1,-1.3,0.2
490,15.7,0.507,0.207,21.5,1.6,1.4,3.1,0.061,0,-0.2,-0.1,1.1
490,15,0.491,0.201,21.2,0.8,0.6,1.4,0.043,-0.4,-0.1,-0.5,0.6
490,17.1,0.539,0.217,22,0.8,0.8,1.6,0.095,0.7,-0.3,0.5,0.5
491,14.1,0.53,0.44,15.6,1.6,2.2,3.8,0.123,-2,1.4,-0.6,0.5
492,18.9,0.594,0.3,19.6,4.5,2,6.5,0.179,1,0,0.9,1.3
,,,,,,,,,,,,
,,,,,,,,,,,,
"Provided by <a href=""https://www.sports-reference.com/sharing.html?utm_source=direct&utm_medium=Share&utm_campaign=ShareTool"">Basketball-Reference.com</a>: <a href=""https://www.basketball-reference.com/leagues/NBA_2015_advanced.html?sr&utm_source=direct&utm_medium=Share&utm_campaign=ShareTool#advanced_stats"">View Original Table</a><br>Generated 5/20/2020.",,,,,,,,,,,,